/*
SQLyog Ultimate v11.11 (64 bit)
MySQL - 5.5.60-0ubuntu0.14.04.1 : Database - project_stock_barang
*********************************************************************
*/

/*!40101 SET NAMES utf8 */;

/*!40101 SET SQL_MODE=''*/;

/*!40014 SET @OLD_UNIQUE_CHECKS=@@UNIQUE_CHECKS, UNIQUE_CHECKS=0 */;
/*!40101 SET @OLD_SQL_MODE=@@SQL_MODE, SQL_MODE='NO_AUTO_VALUE_ON_ZERO' */;
/*!40111 SET @OLD_SQL_NOTES=@@SQL_NOTES, SQL_NOTES=0 */;
CREATE DATABASE /*!32312 IF NOT EXISTS*/`project_stock_barang` /*!40100 DEFAULT CHARACTER SET latin1 */;

/*Table structure for table `master_customer` */

DROP TABLE IF EXISTS `master_customer`;

CREATE TABLE `master_customer` (
  `customer_id` int(11) NOT NULL AUTO_INCREMENT,
  `name` varchar(255) DEFAULT NULL,
  `telephone` varchar(255) DEFAULT NULL,
  `address` varchar(255) DEFAULT NULL,
  `status` int(11) DEFAULT '1',
  PRIMARY KEY (`customer_id`)
) ENGINE=InnoDB AUTO_INCREMENT=4 DEFAULT CHARSET=latin1;

/*Data for the table `master_customer` */

insert  into `master_customer`(`customer_id`,`name`,`telephone`,`address`,`status`) values (1,'Ade Pangestu','+6282322254063','Gumelem Wetan RT 01 RW 04 Susukan',1);

/*Table structure for table `master_suplier` */

DROP TABLE IF EXISTS `master_suplier`;

CREATE TABLE `master_suplier` (
  `suplier_id` int(11) NOT NULL AUTO_INCREMENT,
  `name` varchar(255) NOT NULL,
  `telephone` varchar(255) DEFAULT NULL,
  `address` varchar(255) DEFAULT NULL,
  `status` int(11) DEFAULT '1',
  PRIMARY KEY (`suplier_id`)
) ENGINE=InnoDB AUTO_INCREMENT=5 DEFAULT CHARSET=latin1;

/*Data for the table `master_suplier` */

insert  into `master_suplier`(`suplier_id`,`name`,`telephone`,`address`,`status`) values (1,'Era Jaya','+6282322254063','Gumelem Wetan RT 01 RW 04 Susukan',1),(3,'Intisell','082322254063','Gumelem Wetan RT 01 RW 04 Susukan',1),(4,'Eternal Asia','+6282322254063','Gumelem Wetan RT 01 RW 04 Susukan',1);

/*Table structure for table `product` */

DROP TABLE IF EXISTS `product`;

CREATE TABLE `product` (
  `product_id` int(11) NOT NULL AUTO_INCREMENT,
  `name` varchar(255) DEFAULT NULL,
  `type` enum('FOOD','DRINK') DEFAULT NULL,
  `unit_price` decimal(15,2) DEFAULT NULL,
  `status` smallint(6) DEFAULT '1',
  PRIMARY KEY (`product_id`)
) ENGINE=InnoDB AUTO_INCREMENT=20 DEFAULT CHARSET=latin1;

/*Data for the table `product` */

insert  into `product`(`product_id`,`name`,`type`,`unit_price`,`status`) values (6,'Chivas Regael a','DRINK',11000000.00,1),(7,'Red Label','DRINK',750000.00,1),(8,'Long Island','DRINK',160000.00,1),(9,'Margaret','DRINK',150000.00,1),(10,'Strong Long Island','DRINK',200000.00,1),(11,'Mansion ','DRINK',500000.00,1),(14,'Vodka ','DRINK',500000.00,1),(15,'Bir Bintang Putih','DRINK',55000.00,1),(16,'Quiness','DRINK',55000.00,1),(17,'Coca-cola','DRINK',30000.00,1),(18,'Sprite','DRINK',30000.00,1),(19,'Black Label','DRINK',1000000.00,1);

/*Table structure for table `sso_role` */

DROP TABLE IF EXISTS `sso_role`;

CREATE TABLE `sso_role` (
  `role_id` int(11) NOT NULL AUTO_INCREMENT,
  `name` varchar(255) DEFAULT NULL,
  `label` varchar(255) DEFAULT NULL,
  `status` smallint(6) DEFAULT '0',
  PRIMARY KEY (`role_id`)
) ENGINE=InnoDB AUTO_INCREMENT=5 DEFAULT CHARSET=latin1;

/*Data for the table `sso_role` */

insert  into `sso_role`(`role_id`,`name`,`label`,`status`) values (1,'ADMINISTRATOR','Administrator',1),(2,'PIMPINAN','Pimpinan',1),(3,'CASHIER','Cashier',1),(4,'Waiters','Waiters',1);

/*Table structure for table `sso_session_web` */

DROP TABLE IF EXISTS `sso_session_web`;

CREATE TABLE `sso_session_web` (
  `id` varchar(128) NOT NULL,
  `ip_address` varchar(45) NOT NULL,
  `timestamp` int(10) unsigned NOT NULL DEFAULT '0',
  `data` mediumblob NOT NULL,
  KEY `ci_sessions_timestamp` (`timestamp`)
) ENGINE=InnoDB DEFAULT CHARSET=latin1;

/*Data for the table `sso_session_web` */

insert  into `sso_session_web`(`id`,`ip_address`,`timestamp`,`data`) values ('cd7a115a704ea66468da2211e49ceacf83d9d99f','118.136.57.239',1527131311,'__ci_last_regenerate|i:1527131311;auth_access_key|s:0:\"\";error_message|s:0:\"\";profile|a:9:{s:7:\"user_id\";s:2:\"48\";s:8:\"username\";s:5:\"Tania\";s:8:\"password\";s:32:\"0cc175b9c0f1b6a831c399e269772661\";s:5:\"email\";s:16:\"ugan@mutiara.com\";s:10:\"first_name\";s:5:\"Tania\";s:9:\"last_name\";s:6:\"Amelia\";s:10:\"created_at\";s:19:\"2018-02-22 17:17:49\";s:10:\"updated_at\";s:19:\"2018-05-20 17:07:21\";s:6:\"status\";s:1:\"1\";}sso|i:1;role|a:1:{i:0;a:7:{s:12:\"user_role_id\";s:2:\"28\";s:7:\"user_id\";s:2:\"48\";s:7:\"role_id\";s:1:\"4\";s:10:\"created_at\";s:19:\"2018-05-03 22:31:47\";s:6:\"status\";s:1:\"1\";s:9:\"role_name\";s:7:\"Waiters\";s:10:\"role_label\";s:7:\"Waiters\";}}role_active|a:7:{s:12:\"user_role_id\";s:2:\"28\";s:7:\"user_id\";s:2:\"48\";s:7:\"role_id\";s:1:\"4\";s:10:\"created_at\";s:19:\"2018-05-03 22:31:47\";s:6:\"status\";s:1:\"1\";s:9:\"role_name\";s:7:\"Waiters\";s:10:\"role_label\";s:7:\"Waiters\";}'),('00644e08cc67e06bc0836792eebb03d742dcd087','118.136.57.239',1527132075,'__ci_last_regenerate|i:1527132075;auth_access_key|s:0:\"\";error_message|s:0:\"\";profile|a:9:{s:7:\"user_id\";s:2:\"52\";s:8:\"username\";s:8:\"pimpinan\";s:8:\"password\";s:32:\"0cc175b9c0f1b6a831c399e269772661\";s:5:\"email\";s:13:\"a@mutiara.com\";s:10:\"first_name\";s:3:\"Big\";s:9:\"last_name\";s:4:\"Boss\";s:10:\"created_at\";s:19:\"2018-05-20 17:05:38\";s:10:\"updated_at\";s:19:\"2018-05-20 17:07:56\";s:6:\"status\";s:1:\"1\";}sso|i:1;role|a:1:{i:0;a:7:{s:12:\"user_role_id\";s:2:\"30\";s:7:\"user_id\";s:2:\"52\";s:7:\"role_id\";s:1:\"2\";s:10:\"created_at\";s:19:\"2018-05-20 17:08:22\";s:6:\"status\";s:1:\"1\";s:9:\"role_name\";s:8:\"PIMPINAN\";s:10:\"role_label\";s:8:\"Pimpinan\";}}role_active|a:7:{s:12:\"user_role_id\";s:2:\"30\";s:7:\"user_id\";s:2:\"52\";s:7:\"role_id\";s:1:\"2\";s:10:\"created_at\";s:19:\"2018-05-20 17:08:22\";s:6:\"status\";s:1:\"1\";s:9:\"role_name\";s:8:\"PIMPINAN\";s:10:\"role_label\";s:8:\"Pimpinan\";}'),('c624cdfb24c9b3b0df23079fc6322bad0489ec5f','202.182.55.114',1527132368,'__ci_last_regenerate|i:1527132368;auth_access_key|s:0:\"\";error_message|s:0:\"\";profile|a:9:{s:7:\"user_id\";s:2:\"52\";s:8:\"username\";s:8:\"pimpinan\";s:8:\"password\";s:32:\"0cc175b9c0f1b6a831c399e269772661\";s:5:\"email\";s:13:\"a@mutiara.com\";s:10:\"first_name\";s:3:\"Big\";s:9:\"last_name\";s:4:\"Boss\";s:10:\"created_at\";s:19:\"2018-05-20 17:05:38\";s:10:\"updated_at\";s:19:\"2018-05-20 17:07:56\";s:6:\"status\";s:1:\"1\";}sso|i:1;role|a:1:{i:0;a:7:{s:12:\"user_role_id\";s:2:\"30\";s:7:\"user_id\";s:2:\"52\";s:7:\"role_id\";s:1:\"2\";s:10:\"created_at\";s:19:\"2018-05-20 17:08:22\";s:6:\"status\";s:1:\"1\";s:9:\"role_name\";s:8:\"PIMPINAN\";s:10:\"role_label\";s:8:\"Pimpinan\";}}role_active|a:7:{s:12:\"user_role_id\";s:2:\"30\";s:7:\"user_id\";s:2:\"52\";s:7:\"role_id\";s:1:\"2\";s:10:\"created_at\";s:19:\"2018-05-20 17:08:22\";s:6:\"status\";s:1:\"1\";s:9:\"role_name\";s:8:\"PIMPINAN\";s:10:\"role_label\";s:8:\"Pimpinan\";}'),('b3325e5cf62572dbc9886204a3669bc6e3ce25c7','118.136.57.239',1527132227,'__ci_last_regenerate|i:1527132075;auth_access_key|s:0:\"\";error_message|s:0:\"\";profile|a:9:{s:7:\"user_id\";s:2:\"52\";s:8:\"username\";s:8:\"pimpinan\";s:8:\"password\";s:32:\"0cc175b9c0f1b6a831c399e269772661\";s:5:\"email\";s:13:\"a@mutiara.com\";s:10:\"first_name\";s:3:\"Big\";s:9:\"last_name\";s:4:\"Boss\";s:10:\"created_at\";s:19:\"2018-05-20 17:05:38\";s:10:\"updated_at\";s:19:\"2018-05-20 17:07:56\";s:6:\"status\";s:1:\"1\";}sso|i:1;role|a:1:{i:0;a:7:{s:12:\"user_role_id\";s:2:\"30\";s:7:\"user_id\";s:2:\"52\";s:7:\"role_id\";s:1:\"2\";s:10:\"created_at\";s:19:\"2018-05-20 17:08:22\";s:6:\"status\";s:1:\"1\";s:9:\"role_name\";s:8:\"PIMPINAN\";s:10:\"role_label\";s:8:\"Pimpinan\";}}role_active|a:7:{s:12:\"user_role_id\";s:2:\"30\";s:7:\"user_id\";s:2:\"52\";s:7:\"role_id\";s:1:\"2\";s:10:\"created_at\";s:19:\"2018-05-20 17:08:22\";s:6:\"status\";s:1:\"1\";s:9:\"role_name\";s:8:\"PIMPINAN\";s:10:\"role_label\";s:8:\"Pimpinan\";}'),('1597ab353be1ded9029a0c7a913b106522c04200','202.182.55.114',1527134194,'__ci_last_regenerate|i:1527134194;auth_access_key|s:0:\"\";error_message|s:0:\"\";profile|a:9:{s:7:\"user_id\";s:2:\"31\";s:8:\"username\";s:5:\"Admin\";s:8:\"password\";s:32:\"0cc175b9c0f1b6a831c399e269772661\";s:5:\"email\";s:17:\"admin@mutiara.com\";s:10:\"first_name\";s:5:\"Admin\";s:9:\"last_name\";s:4:\"Mini\";s:10:\"created_at\";s:19:\"2018-02-15 17:15:43\";s:10:\"updated_at\";s:19:\"2018-05-20 17:06:13\";s:6:\"status\";s:1:\"1\";}sso|i:1;role|a:2:{i:0;a:7:{s:12:\"user_role_id\";s:1:\"1\";s:7:\"user_id\";s:2:\"31\";s:7:\"role_id\";s:1:\"1\";s:10:\"created_at\";s:19:\"2018-02-20 16:45:59\";s:6:\"status\";s:1:\"1\";s:9:\"role_name\";s:13:\"ADMINISTRATOR\";s:10:\"role_label\";s:13:\"Administrator\";}i:1;a:7:{s:12:\"user_role_id\";s:2:\"27\";s:7:\"user_id\";s:2:\"31\";s:7:\"role_id\";s:1:\"2\";s:10:\"created_at\";s:19:\"2018-04-26 22:14:45\";s:6:\"status\";s:1:\"1\";s:9:\"role_name\";s:8:\"PIMPINAN\";s:10:\"role_label\";s:8:\"Pimpinan\";}}role_active|a:7:{s:12:\"user_role_id\";s:1:\"1\";s:7:\"user_id\";s:2:\"31\";s:7:\"role_id\";s:1:\"1\";s:10:\"created_at\";s:19:\"2018-02-20 16:45:59\";s:6:\"status\";s:1:\"1\";s:9:\"role_name\";s:13:\"ADMINISTRATOR\";s:10:\"role_label\";s:13:\"Administrator\";}'),('ffdbff6c43ae18ac45bdab7a9467947547e51aa8','202.182.55.114',1527143498,'__ci_last_regenerate|i:1527143498;auth_access_key|s:0:\"\";error_message|s:0:\"\";profile|a:9:{s:7:\"user_id\";s:2:\"52\";s:8:\"username\";s:8:\"pimpinan\";s:8:\"password\";s:32:\"0cc175b9c0f1b6a831c399e269772661\";s:5:\"email\";s:13:\"a@mutiara.com\";s:10:\"first_name\";s:3:\"Big\";s:9:\"last_name\";s:4:\"Boss\";s:10:\"created_at\";s:19:\"2018-05-20 17:05:38\";s:10:\"updated_at\";s:19:\"2018-05-20 17:07:56\";s:6:\"status\";s:1:\"1\";}sso|i:1;role|a:1:{i:0;a:7:{s:12:\"user_role_id\";s:2:\"30\";s:7:\"user_id\";s:2:\"52\";s:7:\"role_id\";s:1:\"2\";s:10:\"created_at\";s:19:\"2018-05-20 17:08:22\";s:6:\"status\";s:1:\"1\";s:9:\"role_name\";s:8:\"PIMPINAN\";s:10:\"role_label\";s:8:\"Pimpinan\";}}role_active|a:7:{s:12:\"user_role_id\";s:2:\"30\";s:7:\"user_id\";s:2:\"52\";s:7:\"role_id\";s:1:\"2\";s:10:\"created_at\";s:19:\"2018-05-20 17:08:22\";s:6:\"status\";s:1:\"1\";s:9:\"role_name\";s:8:\"PIMPINAN\";s:10:\"role_label\";s:8:\"Pimpinan\";}'),('cb83a4620b952dfa0a09829d91f34fab122ae110','202.182.55.114',1527143500,'__ci_last_regenerate|i:1527143498;auth_access_key|s:0:\"\";error_message|s:0:\"\";profile|a:9:{s:7:\"user_id\";s:2:\"52\";s:8:\"username\";s:8:\"pimpinan\";s:8:\"password\";s:32:\"0cc175b9c0f1b6a831c399e269772661\";s:5:\"email\";s:13:\"a@mutiara.com\";s:10:\"first_name\";s:3:\"Big\";s:9:\"last_name\";s:4:\"Boss\";s:10:\"created_at\";s:19:\"2018-05-20 17:05:38\";s:10:\"updated_at\";s:19:\"2018-05-20 17:07:56\";s:6:\"status\";s:1:\"1\";}sso|i:1;role|a:1:{i:0;a:7:{s:12:\"user_role_id\";s:2:\"30\";s:7:\"user_id\";s:2:\"52\";s:7:\"role_id\";s:1:\"2\";s:10:\"created_at\";s:19:\"2018-05-20 17:08:22\";s:6:\"status\";s:1:\"1\";s:9:\"role_name\";s:8:\"PIMPINAN\";s:10:\"role_label\";s:8:\"Pimpinan\";}}role_active|a:7:{s:12:\"user_role_id\";s:2:\"30\";s:7:\"user_id\";s:2:\"52\";s:7:\"role_id\";s:1:\"2\";s:10:\"created_at\";s:19:\"2018-05-20 17:08:22\";s:6:\"status\";s:1:\"1\";s:9:\"role_name\";s:8:\"PIMPINAN\";s:10:\"role_label\";s:8:\"Pimpinan\";}'),('e159622924a3eef89e5de21b72a306997a167e1e','139.192.33.224',1527143873,'__ci_last_regenerate|i:1527143873;auth_access_key|s:0:\"\";error_message|s:0:\"\";profile|a:9:{s:7:\"user_id\";s:2:\"31\";s:8:\"username\";s:5:\"Admin\";s:8:\"password\";s:32:\"0cc175b9c0f1b6a831c399e269772661\";s:5:\"email\";s:17:\"admin@mutiara.com\";s:10:\"first_name\";s:5:\"Admin\";s:9:\"last_name\";s:4:\"Mini\";s:10:\"created_at\";s:19:\"2018-02-15 17:15:43\";s:10:\"updated_at\";s:19:\"2018-05-20 17:06:13\";s:6:\"status\";s:1:\"1\";}sso|i:1;role|a:2:{i:0;a:7:{s:12:\"user_role_id\";s:1:\"1\";s:7:\"user_id\";s:2:\"31\";s:7:\"role_id\";s:1:\"1\";s:10:\"created_at\";s:19:\"2018-02-20 16:45:59\";s:6:\"status\";s:1:\"1\";s:9:\"role_name\";s:13:\"ADMINISTRATOR\";s:10:\"role_label\";s:13:\"Administrator\";}i:1;a:7:{s:12:\"user_role_id\";s:2:\"27\";s:7:\"user_id\";s:2:\"31\";s:7:\"role_id\";s:1:\"2\";s:10:\"created_at\";s:19:\"2018-04-26 22:14:45\";s:6:\"status\";s:1:\"1\";s:9:\"role_name\";s:8:\"PIMPINAN\";s:10:\"role_label\";s:8:\"Pimpinan\";}}role_active|a:7:{s:12:\"user_role_id\";s:1:\"1\";s:7:\"user_id\";s:2:\"31\";s:7:\"role_id\";s:1:\"1\";s:10:\"created_at\";s:19:\"2018-02-20 16:45:59\";s:6:\"status\";s:1:\"1\";s:9:\"role_name\";s:13:\"ADMINISTRATOR\";s:10:\"role_label\";s:13:\"Administrator\";}'),('4255519ab5de98d93e77ebf9362ba0f3a7d062f0','139.192.33.224',1527143924,'__ci_last_regenerate|i:1527143924;'),('a44fe9871441b17af14c46c7a7a8f34d952ce747','139.192.33.224',1527143924,'__ci_last_regenerate|i:1527143924;'),('3c3732a0a8b3f86858cebb427ddbf9df7ca52d4a','139.192.33.224',1527143925,'__ci_last_regenerate|i:1527143925;auth_access_key|s:15:\"QVu7u5b3wkhMfoa\";error_message|s:0:\"\";'),('ae414e41d5190f363dfea1a68ac2afb64e456031','139.192.33.224',1527144470,'__ci_last_regenerate|i:1527144470;auth_access_key|s:0:\"\";error_message|s:0:\"\";profile|a:9:{s:7:\"user_id\";s:2:\"38\";s:8:\"username\";s:5:\"Dhini\";s:8:\"password\";s:32:\"0cc175b9c0f1b6a831c399e269772661\";s:5:\"email\";s:18:\"dhimas@mutiara.com\";s:10:\"first_name\";s:5:\"Dhini\";s:9:\"last_name\";s:0:\"\";s:10:\"created_at\";s:19:\"2018-02-22 17:13:38\";s:10:\"updated_at\";s:19:\"2018-05-20 17:06:52\";s:6:\"status\";s:1:\"1\";}sso|i:1;role|a:1:{i:0;a:7:{s:12:\"user_role_id\";s:2:\"35\";s:7:\"user_id\";s:2:\"38\";s:7:\"role_id\";s:1:\"4\";s:10:\"created_at\";s:19:\"2018-05-24 13:36:57\";s:6:\"status\";s:1:\"1\";s:9:\"role_name\";s:7:\"Waiters\";s:10:\"role_label\";s:7:\"Waiters\";}}role_active|a:7:{s:12:\"user_role_id\";s:2:\"35\";s:7:\"user_id\";s:2:\"38\";s:7:\"role_id\";s:1:\"4\";s:10:\"created_at\";s:19:\"2018-05-24 13:36:57\";s:6:\"status\";s:1:\"1\";s:9:\"role_name\";s:7:\"Waiters\";s:10:\"role_label\";s:7:\"Waiters\";}'),('ed72a01f82abc7bf78c971740cfbbc50cb2f8b78','139.192.33.224',1527145934,'__ci_last_regenerate|i:1527145934;auth_access_key|s:0:\"\";error_message|s:0:\"\";profile|a:9:{s:7:\"user_id\";s:2:\"31\";s:8:\"username\";s:5:\"Admin\";s:8:\"password\";s:32:\"0cc175b9c0f1b6a831c399e269772661\";s:5:\"email\";s:17:\"admin@mutiara.com\";s:10:\"first_name\";s:5:\"Admin\";s:9:\"last_name\";s:4:\"Mini\";s:10:\"created_at\";s:19:\"2018-02-15 17:15:43\";s:10:\"updated_at\";s:19:\"2018-05-20 17:06:13\";s:6:\"status\";s:1:\"1\";}sso|i:1;role|a:2:{i:0;a:7:{s:12:\"user_role_id\";s:1:\"1\";s:7:\"user_id\";s:2:\"31\";s:7:\"role_id\";s:1:\"1\";s:10:\"created_at\";s:19:\"2018-02-20 16:45:59\";s:6:\"status\";s:1:\"1\";s:9:\"role_name\";s:13:\"ADMINISTRATOR\";s:10:\"role_label\";s:13:\"Administrator\";}i:1;a:7:{s:12:\"user_role_id\";s:2:\"27\";s:7:\"user_id\";s:2:\"31\";s:7:\"role_id\";s:1:\"2\";s:10:\"created_at\";s:19:\"2018-04-26 22:14:45\";s:6:\"status\";s:1:\"1\";s:9:\"role_name\";s:8:\"PIMPINAN\";s:10:\"role_label\";s:8:\"Pimpinan\";}}role_active|a:7:{s:12:\"user_role_id\";s:1:\"1\";s:7:\"user_id\";s:2:\"31\";s:7:\"role_id\";s:1:\"1\";s:10:\"created_at\";s:19:\"2018-02-20 16:45:59\";s:6:\"status\";s:1:\"1\";s:9:\"role_name\";s:13:\"ADMINISTRATOR\";s:10:\"role_label\";s:13:\"Administrator\";}'),('263bfe2dbc6fec16b2c88121a8c643eb5fbafe6e','139.192.33.224',1527146017,'__ci_last_regenerate|i:1527145935;auth_access_key|s:0:\"\";error_message|s:0:\"\";profile|a:9:{s:7:\"user_id\";s:2:\"43\";s:8:\"username\";s:7:\"Hitania\";s:8:\"password\";s:32:\"0cc175b9c0f1b6a831c399e269772661\";s:5:\"email\";s:19:\"hitania@mutiara.com\";s:10:\"first_name\";s:7:\"Hitania\";s:9:\"last_name\";s:5:\"Patma\";s:10:\"created_at\";s:19:\"2018-02-22 17:15:30\";s:10:\"updated_at\";s:19:\"2018-05-24 13:55:01\";s:6:\"status\";s:1:\"1\";}sso|i:1;role|a:1:{i:0;a:7:{s:12:\"user_role_id\";s:2:\"29\";s:7:\"user_id\";s:2:\"43\";s:7:\"role_id\";s:1:\"3\";s:10:\"created_at\";s:19:\"2018-05-06 03:42:41\";s:6:\"status\";s:1:\"1\";s:9:\"role_name\";s:7:\"CASHIER\";s:10:\"role_label\";s:7:\"Cashier\";}}role_active|a:7:{s:12:\"user_role_id\";s:2:\"29\";s:7:\"user_id\";s:2:\"43\";s:7:\"role_id\";s:1:\"3\";s:10:\"created_at\";s:19:\"2018-05-06 03:42:41\";s:6:\"status\";s:1:\"1\";s:9:\"role_name\";s:7:\"CASHIER\";s:10:\"role_label\";s:7:\"Cashier\";}'),('2l2nl3019d0jcr2ock9a7vogvkivsi5p','192.168.100.2',1527164857,'__ci_last_regenerate|i:1527164857;auth_access_key|s:0:\"\";error_message|s:0:\"\";profile|a:9:{s:7:\"user_id\";s:2:\"31\";s:8:\"username\";s:5:\"Admin\";s:8:\"password\";s:32:\"0cc175b9c0f1b6a831c399e269772661\";s:5:\"email\";s:17:\"admin@mutiara.com\";s:10:\"first_name\";s:5:\"Admin\";s:9:\"last_name\";s:4:\"Mini\";s:10:\"created_at\";s:19:\"2018-02-15 17:15:43\";s:10:\"updated_at\";s:19:\"2018-05-20 17:06:13\";s:6:\"status\";s:1:\"1\";}sso|i:1;role|a:2:{i:0;a:7:{s:12:\"user_role_id\";s:1:\"1\";s:7:\"user_id\";s:2:\"31\";s:7:\"role_id\";s:1:\"1\";s:10:\"created_at\";s:19:\"2018-02-20 16:45:59\";s:6:\"status\";s:1:\"1\";s:9:\"role_name\";s:13:\"ADMINISTRATOR\";s:10:\"role_label\";s:13:\"Administrator\";}i:1;a:7:{s:12:\"user_role_id\";s:2:\"27\";s:7:\"user_id\";s:2:\"31\";s:7:\"role_id\";s:1:\"2\";s:10:\"created_at\";s:19:\"2018-04-26 22:14:45\";s:6:\"status\";s:1:\"1\";s:9:\"role_name\";s:8:\"PIMPINAN\";s:10:\"role_label\";s:8:\"Pimpinan\";}}role_active|a:7:{s:12:\"user_role_id\";s:1:\"1\";s:7:\"user_id\";s:2:\"31\";s:7:\"role_id\";s:1:\"1\";s:10:\"created_at\";s:19:\"2018-02-20 16:45:59\";s:6:\"status\";s:1:\"1\";s:9:\"role_name\";s:13:\"ADMINISTRATOR\";s:10:\"role_label\";s:13:\"Administrator\";}'),('bfeqhbthb5n8dtou5h6v8820lpqm95eh','192.168.100.2',1527173743,'__ci_last_regenerate|i:1527173743;auth_access_key|s:0:\"\";error_message|s:0:\"\";profile|a:9:{s:7:\"user_id\";s:2:\"52\";s:8:\"username\";s:8:\"Pimpinan\";s:8:\"password\";s:32:\"0cc175b9c0f1b6a831c399e269772661\";s:5:\"email\";s:13:\"a@mutiara.com\";s:10:\"first_name\";s:3:\"Big\";s:9:\"last_name\";s:4:\"Boss\";s:10:\"created_at\";s:19:\"2018-05-20 17:05:38\";s:10:\"updated_at\";s:19:\"2018-05-24 13:55:27\";s:6:\"status\";s:1:\"1\";}sso|i:1;role|a:1:{i:0;a:7:{s:12:\"user_role_id\";s:2:\"30\";s:7:\"user_id\";s:2:\"52\";s:7:\"role_id\";s:1:\"2\";s:10:\"created_at\";s:19:\"2018-05-20 17:08:22\";s:6:\"status\";s:1:\"1\";s:9:\"role_name\";s:8:\"PIMPINAN\";s:10:\"role_label\";s:8:\"Pimpinan\";}}role_active|a:7:{s:12:\"user_role_id\";s:2:\"30\";s:7:\"user_id\";s:2:\"52\";s:7:\"role_id\";s:1:\"2\";s:10:\"created_at\";s:19:\"2018-05-20 17:08:22\";s:6:\"status\";s:1:\"1\";s:9:\"role_name\";s:8:\"PIMPINAN\";s:10:\"role_label\";s:8:\"Pimpinan\";}'),('gpvncf5r2aotehd3c8ppolss7atc8ces','192.168.100.2',1527168166,'__ci_last_regenerate|i:1527168166;auth_access_key|s:0:\"\";error_message|s:0:\"\";profile|a:9:{s:7:\"user_id\";s:2:\"38\";s:8:\"username\";s:5:\"Dhini\";s:8:\"password\";s:32:\"0cc175b9c0f1b6a831c399e269772661\";s:5:\"email\";s:18:\"dhimas@mutiara.com\";s:10:\"first_name\";s:5:\"Dhini\";s:9:\"last_name\";s:0:\"\";s:10:\"created_at\";s:19:\"2018-02-22 17:13:38\";s:10:\"updated_at\";s:19:\"2018-05-20 17:06:52\";s:6:\"status\";s:1:\"1\";}sso|i:1;role|a:1:{i:0;a:7:{s:12:\"user_role_id\";s:2:\"35\";s:7:\"user_id\";s:2:\"38\";s:7:\"role_id\";s:1:\"4\";s:10:\"created_at\";s:19:\"2018-05-24 13:36:57\";s:6:\"status\";s:1:\"1\";s:9:\"role_name\";s:7:\"Waiters\";s:10:\"role_label\";s:7:\"Waiters\";}}role_active|a:7:{s:12:\"user_role_id\";s:2:\"35\";s:7:\"user_id\";s:2:\"38\";s:7:\"role_id\";s:1:\"4\";s:10:\"created_at\";s:19:\"2018-05-24 13:36:57\";s:6:\"status\";s:1:\"1\";s:9:\"role_name\";s:7:\"Waiters\";s:10:\"role_label\";s:7:\"Waiters\";}'),('e9riev6qcdidhh2h4pb2brpin2vfd4am','192.168.100.2',1527168510,'__ci_last_regenerate|i:1527168510;auth_access_key|s:0:\"\";error_message|s:0:\"\";profile|a:9:{s:7:\"user_id\";s:2:\"52\";s:8:\"username\";s:8:\"Pimpinan\";s:8:\"password\";s:32:\"0cc175b9c0f1b6a831c399e269772661\";s:5:\"email\";s:13:\"a@mutiara.com\";s:10:\"first_name\";s:3:\"Big\";s:9:\"last_name\";s:4:\"Boss\";s:10:\"created_at\";s:19:\"2018-05-20 17:05:38\";s:10:\"updated_at\";s:19:\"2018-05-24 13:55:27\";s:6:\"status\";s:1:\"1\";}sso|i:1;role|a:1:{i:0;a:7:{s:12:\"user_role_id\";s:2:\"30\";s:7:\"user_id\";s:2:\"52\";s:7:\"role_id\";s:1:\"2\";s:10:\"created_at\";s:19:\"2018-05-20 17:08:22\";s:6:\"status\";s:1:\"1\";s:9:\"role_name\";s:8:\"PIMPINAN\";s:10:\"role_label\";s:8:\"Pimpinan\";}}role_active|a:7:{s:12:\"user_role_id\";s:2:\"30\";s:7:\"user_id\";s:2:\"52\";s:7:\"role_id\";s:1:\"2\";s:10:\"created_at\";s:19:\"2018-05-20 17:08:22\";s:6:\"status\";s:1:\"1\";s:9:\"role_name\";s:8:\"PIMPINAN\";s:10:\"role_label\";s:8:\"Pimpinan\";}'),('4tc831bf8qovrekluvt0djefj6fouvns','192.168.100.2',1527168854,'__ci_last_regenerate|i:1527168854;auth_access_key|s:0:\"\";error_message|s:0:\"\";profile|a:9:{s:7:\"user_id\";s:2:\"52\";s:8:\"username\";s:8:\"Pimpinan\";s:8:\"password\";s:32:\"0cc175b9c0f1b6a831c399e269772661\";s:5:\"email\";s:13:\"a@mutiara.com\";s:10:\"first_name\";s:3:\"Big\";s:9:\"last_name\";s:4:\"Boss\";s:10:\"created_at\";s:19:\"2018-05-20 17:05:38\";s:10:\"updated_at\";s:19:\"2018-05-24 13:55:27\";s:6:\"status\";s:1:\"1\";}sso|i:1;role|a:1:{i:0;a:7:{s:12:\"user_role_id\";s:2:\"30\";s:7:\"user_id\";s:2:\"52\";s:7:\"role_id\";s:1:\"2\";s:10:\"created_at\";s:19:\"2018-05-20 17:08:22\";s:6:\"status\";s:1:\"1\";s:9:\"role_name\";s:8:\"PIMPINAN\";s:10:\"role_label\";s:8:\"Pimpinan\";}}role_active|a:7:{s:12:\"user_role_id\";s:2:\"30\";s:7:\"user_id\";s:2:\"52\";s:7:\"role_id\";s:1:\"2\";s:10:\"created_at\";s:19:\"2018-05-20 17:08:22\";s:6:\"status\";s:1:\"1\";s:9:\"role_name\";s:8:\"PIMPINAN\";s:10:\"role_label\";s:8:\"Pimpinan\";}'),('rdcfmgnen1580oin7paos2adfbp32kfs','192.168.100.2',1527169987,'__ci_last_regenerate|i:1527169987;auth_access_key|s:0:\"\";error_message|s:0:\"\";profile|a:9:{s:7:\"user_id\";s:2:\"38\";s:8:\"username\";s:5:\"Dhini\";s:8:\"password\";s:32:\"0cc175b9c0f1b6a831c399e269772661\";s:5:\"email\";s:18:\"dhimas@mutiara.com\";s:10:\"first_name\";s:5:\"Dhini\";s:9:\"last_name\";s:0:\"\";s:10:\"created_at\";s:19:\"2018-02-22 17:13:38\";s:10:\"updated_at\";s:19:\"2018-05-20 17:06:52\";s:6:\"status\";s:1:\"1\";}sso|i:1;role|a:1:{i:0;a:7:{s:12:\"user_role_id\";s:2:\"35\";s:7:\"user_id\";s:2:\"38\";s:7:\"role_id\";s:1:\"4\";s:10:\"created_at\";s:19:\"2018-05-24 13:36:57\";s:6:\"status\";s:1:\"1\";s:9:\"role_name\";s:7:\"Waiters\";s:10:\"role_label\";s:7:\"Waiters\";}}role_active|a:7:{s:12:\"user_role_id\";s:2:\"35\";s:7:\"user_id\";s:2:\"38\";s:7:\"role_id\";s:1:\"4\";s:10:\"created_at\";s:19:\"2018-05-24 13:36:57\";s:6:\"status\";s:1:\"1\";s:9:\"role_name\";s:7:\"Waiters\";s:10:\"role_label\";s:7:\"Waiters\";}'),('0v9len1ooqsgd242tnt59urg2ram6aaj','192.168.100.2',1527170414,'__ci_last_regenerate|i:1527170414;auth_access_key|s:0:\"\";error_message|s:0:\"\";profile|a:9:{s:7:\"user_id\";s:2:\"34\";s:8:\"username\";s:3:\"Ayu\";s:8:\"password\";s:32:\"0cc175b9c0f1b6a831c399e269772661\";s:5:\"email\";s:15:\"ayu@mutiara.com\";s:10:\"first_name\";s:3:\"Ayu\";s:9:\"last_name\";s:8:\"Sukandar\";s:10:\"created_at\";s:19:\"2018-02-22 17:11:54\";s:10:\"updated_at\";s:19:\"2018-05-20 17:06:26\";s:6:\"status\";s:1:\"1\";}sso|i:1;role|a:1:{i:0;a:7:{s:12:\"user_role_id\";s:2:\"41\";s:7:\"user_id\";s:2:\"34\";s:7:\"role_id\";s:1:\"3\";s:10:\"created_at\";s:19:\"2018-05-24 19:29:14\";s:6:\"status\";s:1:\"1\";s:9:\"role_name\";s:7:\"CASHIER\";s:10:\"role_label\";s:7:\"Cashier\";}}role_active|a:7:{s:12:\"user_role_id\";s:2:\"41\";s:7:\"user_id\";s:2:\"34\";s:7:\"role_id\";s:1:\"3\";s:10:\"created_at\";s:19:\"2018-05-24 19:29:14\";s:6:\"status\";s:1:\"1\";s:9:\"role_name\";s:7:\"CASHIER\";s:10:\"role_label\";s:7:\"Cashier\";}'),('vpli6nl2vf1gdol4r6j8a104kpfqmo8n','192.168.100.2',1527170963,'__ci_last_regenerate|i:1527170963;auth_access_key|s:0:\"\";error_message|s:0:\"\";profile|a:9:{s:7:\"user_id\";s:2:\"34\";s:8:\"username\";s:3:\"Ayu\";s:8:\"password\";s:32:\"0cc175b9c0f1b6a831c399e269772661\";s:5:\"email\";s:15:\"ayu@mutiara.com\";s:10:\"first_name\";s:3:\"Ayu\";s:9:\"last_name\";s:8:\"Sukandar\";s:10:\"created_at\";s:19:\"2018-02-22 17:11:54\";s:10:\"updated_at\";s:19:\"2018-05-20 17:06:26\";s:6:\"status\";s:1:\"1\";}sso|i:1;role|a:1:{i:0;a:7:{s:12:\"user_role_id\";s:2:\"41\";s:7:\"user_id\";s:2:\"34\";s:7:\"role_id\";s:1:\"3\";s:10:\"created_at\";s:19:\"2018-05-24 19:29:14\";s:6:\"status\";s:1:\"1\";s:9:\"role_name\";s:7:\"CASHIER\";s:10:\"role_label\";s:7:\"Cashier\";}}role_active|a:7:{s:12:\"user_role_id\";s:2:\"41\";s:7:\"user_id\";s:2:\"34\";s:7:\"role_id\";s:1:\"3\";s:10:\"created_at\";s:19:\"2018-05-24 19:29:14\";s:6:\"status\";s:1:\"1\";s:9:\"role_name\";s:7:\"CASHIER\";s:10:\"role_label\";s:7:\"Cashier\";}'),('lt5qj8see2qkm043p3q7bb8tg12re3lk','192.168.100.2',1527171409,'__ci_last_regenerate|i:1527171409;auth_access_key|s:0:\"\";error_message|s:0:\"\";profile|a:9:{s:7:\"user_id\";s:2:\"34\";s:8:\"username\";s:3:\"Ayu\";s:8:\"password\";s:32:\"0cc175b9c0f1b6a831c399e269772661\";s:5:\"email\";s:15:\"ayu@mutiara.com\";s:10:\"first_name\";s:3:\"Ayu\";s:9:\"last_name\";s:8:\"Sukandar\";s:10:\"created_at\";s:19:\"2018-02-22 17:11:54\";s:10:\"updated_at\";s:19:\"2018-05-20 17:06:26\";s:6:\"status\";s:1:\"1\";}sso|i:1;role|a:1:{i:0;a:7:{s:12:\"user_role_id\";s:2:\"41\";s:7:\"user_id\";s:2:\"34\";s:7:\"role_id\";s:1:\"3\";s:10:\"created_at\";s:19:\"2018-05-24 19:29:14\";s:6:\"status\";s:1:\"1\";s:9:\"role_name\";s:7:\"CASHIER\";s:10:\"role_label\";s:7:\"Cashier\";}}role_active|a:7:{s:12:\"user_role_id\";s:2:\"41\";s:7:\"user_id\";s:2:\"34\";s:7:\"role_id\";s:1:\"3\";s:10:\"created_at\";s:19:\"2018-05-24 19:29:14\";s:6:\"status\";s:1:\"1\";s:9:\"role_name\";s:7:\"CASHIER\";s:10:\"role_label\";s:7:\"Cashier\";}'),('peic6cj8fncpnr29ggef3fou0jf1rvj2','192.168.100.2',1527171596,'__ci_last_regenerate|i:1527171409;auth_access_key|s:0:\"\";error_message|s:0:\"\";profile|a:9:{s:7:\"user_id\";s:2:\"34\";s:8:\"username\";s:3:\"Ayu\";s:8:\"password\";s:32:\"0cc175b9c0f1b6a831c399e269772661\";s:5:\"email\";s:15:\"ayu@mutiara.com\";s:10:\"first_name\";s:3:\"Ayu\";s:9:\"last_name\";s:8:\"Sukandar\";s:10:\"created_at\";s:19:\"2018-02-22 17:11:54\";s:10:\"updated_at\";s:19:\"2018-05-20 17:06:26\";s:6:\"status\";s:1:\"1\";}sso|i:1;role|a:1:{i:0;a:7:{s:12:\"user_role_id\";s:2:\"41\";s:7:\"user_id\";s:2:\"34\";s:7:\"role_id\";s:1:\"3\";s:10:\"created_at\";s:19:\"2018-05-24 19:29:14\";s:6:\"status\";s:1:\"1\";s:9:\"role_name\";s:7:\"CASHIER\";s:10:\"role_label\";s:7:\"Cashier\";}}role_active|a:7:{s:12:\"user_role_id\";s:2:\"41\";s:7:\"user_id\";s:2:\"34\";s:7:\"role_id\";s:1:\"3\";s:10:\"created_at\";s:19:\"2018-05-24 19:29:14\";s:6:\"status\";s:1:\"1\";s:9:\"role_name\";s:7:\"CASHIER\";s:10:\"role_label\";s:7:\"Cashier\";}'),('mslrnll90ulrag1j70rs0bq34qi55u1l','192.168.100.2',1527173932,'__ci_last_regenerate|i:1527173746;auth_access_key|s:0:\"\";error_message|s:0:\"\";profile|a:9:{s:7:\"user_id\";s:2:\"31\";s:8:\"username\";s:5:\"Admin\";s:8:\"password\";s:32:\"0cc175b9c0f1b6a831c399e269772661\";s:5:\"email\";s:17:\"admin@mutiara.com\";s:10:\"first_name\";s:5:\"Admin\";s:9:\"last_name\";s:4:\"Mini\";s:10:\"created_at\";s:19:\"2018-02-15 17:15:43\";s:10:\"updated_at\";s:19:\"2018-05-20 17:06:13\";s:6:\"status\";s:1:\"1\";}sso|i:1;role|a:2:{i:0;a:7:{s:12:\"user_role_id\";s:1:\"1\";s:7:\"user_id\";s:2:\"31\";s:7:\"role_id\";s:1:\"1\";s:10:\"created_at\";s:19:\"2018-02-20 16:45:59\";s:6:\"status\";s:1:\"1\";s:9:\"role_name\";s:13:\"ADMINISTRATOR\";s:10:\"role_label\";s:13:\"Administrator\";}i:1;a:7:{s:12:\"user_role_id\";s:2:\"27\";s:7:\"user_id\";s:2:\"31\";s:7:\"role_id\";s:1:\"2\";s:10:\"created_at\";s:19:\"2018-04-26 22:14:45\";s:6:\"status\";s:1:\"1\";s:9:\"role_name\";s:8:\"PIMPINAN\";s:10:\"role_label\";s:8:\"Pimpinan\";}}role_active|a:7:{s:12:\"user_role_id\";s:1:\"1\";s:7:\"user_id\";s:2:\"31\";s:7:\"role_id\";s:1:\"1\";s:10:\"created_at\";s:19:\"2018-02-20 16:45:59\";s:6:\"status\";s:1:\"1\";s:9:\"role_name\";s:13:\"ADMINISTRATOR\";s:10:\"role_label\";s:13:\"Administrator\";}'),('pi0me8qpc76strbc9ib2fmrladctkvls','192.168.100.2',1527530021,'__ci_last_regenerate|i:1527530021;auth_access_key|s:15:\"dxo7jpe1ifTcLub\";error_message|s:0:\"\";'),('iordfvuvpajsofi7rmbepermsct4mnrt','192.168.100.2',1527530661,'__ci_last_regenerate|i:1527530661;auth_access_key|s:15:\"mrK2meZNM0LLwBL\";error_message|s:0:\"\";'),('ho7jjfsmfrijovjr75biqhvdqfb18iij','192.168.100.2',1527531359,'__ci_last_regenerate|i:1527531359;auth_access_key|s:0:\"\";error_message|s:0:\"\";profile|a:9:{s:7:\"user_id\";s:2:\"31\";s:8:\"username\";s:5:\"Admin\";s:8:\"password\";s:32:\"0cc175b9c0f1b6a831c399e269772661\";s:5:\"email\";s:17:\"admin@mutiara.com\";s:10:\"first_name\";s:5:\"Admin\";s:9:\"last_name\";s:4:\"Mini\";s:10:\"created_at\";s:19:\"2018-02-15 17:15:43\";s:10:\"updated_at\";s:19:\"2018-05-20 17:06:13\";s:6:\"status\";s:1:\"1\";}sso|i:1;role|a:2:{i:0;a:7:{s:12:\"user_role_id\";s:1:\"1\";s:7:\"user_id\";s:2:\"31\";s:7:\"role_id\";s:1:\"1\";s:10:\"created_at\";s:19:\"2018-02-20 16:45:59\";s:6:\"status\";s:1:\"1\";s:9:\"role_name\";s:13:\"ADMINISTRATOR\";s:10:\"role_label\";s:13:\"Administrator\";}i:1;a:7:{s:12:\"user_role_id\";s:2:\"27\";s:7:\"user_id\";s:2:\"31\";s:7:\"role_id\";s:1:\"2\";s:10:\"created_at\";s:19:\"2018-04-26 22:14:45\";s:6:\"status\";s:1:\"1\";s:9:\"role_name\";s:8:\"PIMPINAN\";s:10:\"role_label\";s:8:\"Pimpinan\";}}role_active|a:7:{s:12:\"user_role_id\";s:1:\"1\";s:7:\"user_id\";s:2:\"31\";s:7:\"role_id\";s:1:\"1\";s:10:\"created_at\";s:19:\"2018-02-20 16:45:59\";s:6:\"status\";s:1:\"1\";s:9:\"role_name\";s:13:\"ADMINISTRATOR\";s:10:\"role_label\";s:13:\"Administrator\";}'),('1enqtpml6d1ee6bbr9ek7bo7n7qhjl77','192.168.100.2',1527532704,'__ci_last_regenerate|i:1527532704;auth_access_key|s:0:\"\";error_message|s:0:\"\";profile|a:9:{s:7:\"user_id\";s:2:\"31\";s:8:\"username\";s:5:\"Admin\";s:8:\"password\";s:32:\"0cc175b9c0f1b6a831c399e269772661\";s:5:\"email\";s:17:\"admin@mutiara.com\";s:10:\"first_name\";s:5:\"Admin\";s:9:\"last_name\";s:4:\"Mini\";s:10:\"created_at\";s:19:\"2018-02-15 17:15:43\";s:10:\"updated_at\";s:19:\"2018-05-20 17:06:13\";s:6:\"status\";s:1:\"1\";}sso|i:1;role|a:2:{i:0;a:7:{s:12:\"user_role_id\";s:1:\"1\";s:7:\"user_id\";s:2:\"31\";s:7:\"role_id\";s:1:\"1\";s:10:\"created_at\";s:19:\"2018-02-20 16:45:59\";s:6:\"status\";s:1:\"1\";s:9:\"role_name\";s:13:\"ADMINISTRATOR\";s:10:\"role_label\";s:13:\"Administrator\";}i:1;a:7:{s:12:\"user_role_id\";s:2:\"27\";s:7:\"user_id\";s:2:\"31\";s:7:\"role_id\";s:1:\"2\";s:10:\"created_at\";s:19:\"2018-04-26 22:14:45\";s:6:\"status\";s:1:\"1\";s:9:\"role_name\";s:8:\"PIMPINAN\";s:10:\"role_label\";s:8:\"Pimpinan\";}}role_active|a:7:{s:12:\"user_role_id\";s:1:\"1\";s:7:\"user_id\";s:2:\"31\";s:7:\"role_id\";s:1:\"1\";s:10:\"created_at\";s:19:\"2018-02-20 16:45:59\";s:6:\"status\";s:1:\"1\";s:9:\"role_name\";s:13:\"ADMINISTRATOR\";s:10:\"role_label\";s:13:\"Administrator\";}'),('g3ij384mq9ss3p1ft7tqhq7tu68k3rok','192.168.100.2',1527533153,'__ci_last_regenerate|i:1527533153;auth_access_key|s:0:\"\";error_message|s:0:\"\";profile|a:9:{s:7:\"user_id\";s:2:\"31\";s:8:\"username\";s:5:\"Admin\";s:8:\"password\";s:32:\"0cc175b9c0f1b6a831c399e269772661\";s:5:\"email\";s:17:\"admin@mutiara.com\";s:10:\"first_name\";s:5:\"Admin\";s:9:\"last_name\";s:4:\"Mini\";s:10:\"created_at\";s:19:\"2018-02-15 17:15:43\";s:10:\"updated_at\";s:19:\"2018-05-20 17:06:13\";s:6:\"status\";s:1:\"1\";}sso|i:1;role|a:2:{i:0;a:7:{s:12:\"user_role_id\";s:1:\"1\";s:7:\"user_id\";s:2:\"31\";s:7:\"role_id\";s:1:\"1\";s:10:\"created_at\";s:19:\"2018-02-20 16:45:59\";s:6:\"status\";s:1:\"1\";s:9:\"role_name\";s:13:\"ADMINISTRATOR\";s:10:\"role_label\";s:13:\"Administrator\";}i:1;a:7:{s:12:\"user_role_id\";s:2:\"27\";s:7:\"user_id\";s:2:\"31\";s:7:\"role_id\";s:1:\"2\";s:10:\"created_at\";s:19:\"2018-04-26 22:14:45\";s:6:\"status\";s:1:\"1\";s:9:\"role_name\";s:8:\"PIMPINAN\";s:10:\"role_label\";s:8:\"Pimpinan\";}}role_active|a:7:{s:12:\"user_role_id\";s:1:\"1\";s:7:\"user_id\";s:2:\"31\";s:7:\"role_id\";s:1:\"1\";s:10:\"created_at\";s:19:\"2018-02-20 16:45:59\";s:6:\"status\";s:1:\"1\";s:9:\"role_name\";s:13:\"ADMINISTRATOR\";s:10:\"role_label\";s:13:\"Administrator\";}'),('lahh83qcm19ful5e14bhlkj43r891oak','192.168.100.2',1527533972,'__ci_last_regenerate|i:1527533972;auth_access_key|s:0:\"\";error_message|s:0:\"\";profile|a:9:{s:7:\"user_id\";s:2:\"31\";s:8:\"username\";s:5:\"Admin\";s:8:\"password\";s:32:\"0cc175b9c0f1b6a831c399e269772661\";s:5:\"email\";s:17:\"admin@mutiara.com\";s:10:\"first_name\";s:5:\"Admin\";s:9:\"last_name\";s:4:\"Mini\";s:10:\"created_at\";s:19:\"2018-02-15 17:15:43\";s:10:\"updated_at\";s:19:\"2018-05-20 17:06:13\";s:6:\"status\";s:1:\"1\";}sso|i:1;role|a:2:{i:0;a:7:{s:12:\"user_role_id\";s:1:\"1\";s:7:\"user_id\";s:2:\"31\";s:7:\"role_id\";s:1:\"1\";s:10:\"created_at\";s:19:\"2018-02-20 16:45:59\";s:6:\"status\";s:1:\"1\";s:9:\"role_name\";s:13:\"ADMINISTRATOR\";s:10:\"role_label\";s:13:\"Administrator\";}i:1;a:7:{s:12:\"user_role_id\";s:2:\"27\";s:7:\"user_id\";s:2:\"31\";s:7:\"role_id\";s:1:\"2\";s:10:\"created_at\";s:19:\"2018-04-26 22:14:45\";s:6:\"status\";s:1:\"1\";s:9:\"role_name\";s:8:\"PIMPINAN\";s:10:\"role_label\";s:8:\"Pimpinan\";}}role_active|a:7:{s:12:\"user_role_id\";s:1:\"1\";s:7:\"user_id\";s:2:\"31\";s:7:\"role_id\";s:1:\"1\";s:10:\"created_at\";s:19:\"2018-02-20 16:45:59\";s:6:\"status\";s:1:\"1\";s:9:\"role_name\";s:13:\"ADMINISTRATOR\";s:10:\"role_label\";s:13:\"Administrator\";}'),('gpecq8j9944gm7r4c359obo9ehk321dc','192.168.100.2',1527534314,'__ci_last_regenerate|i:1527534314;auth_access_key|s:0:\"\";error_message|s:0:\"\";profile|a:9:{s:7:\"user_id\";s:2:\"31\";s:8:\"username\";s:5:\"Admin\";s:8:\"password\";s:32:\"0cc175b9c0f1b6a831c399e269772661\";s:5:\"email\";s:17:\"admin@mutiara.com\";s:10:\"first_name\";s:5:\"Admin\";s:9:\"last_name\";s:4:\"Mini\";s:10:\"created_at\";s:19:\"2018-02-15 17:15:43\";s:10:\"updated_at\";s:19:\"2018-05-20 17:06:13\";s:6:\"status\";s:1:\"1\";}sso|i:1;role|a:2:{i:0;a:7:{s:12:\"user_role_id\";s:1:\"1\";s:7:\"user_id\";s:2:\"31\";s:7:\"role_id\";s:1:\"1\";s:10:\"created_at\";s:19:\"2018-02-20 16:45:59\";s:6:\"status\";s:1:\"1\";s:9:\"role_name\";s:13:\"ADMINISTRATOR\";s:10:\"role_label\";s:13:\"Administrator\";}i:1;a:7:{s:12:\"user_role_id\";s:2:\"27\";s:7:\"user_id\";s:2:\"31\";s:7:\"role_id\";s:1:\"2\";s:10:\"created_at\";s:19:\"2018-04-26 22:14:45\";s:6:\"status\";s:1:\"1\";s:9:\"role_name\";s:8:\"PIMPINAN\";s:10:\"role_label\";s:8:\"Pimpinan\";}}role_active|a:7:{s:12:\"user_role_id\";s:1:\"1\";s:7:\"user_id\";s:2:\"31\";s:7:\"role_id\";s:1:\"1\";s:10:\"created_at\";s:19:\"2018-02-20 16:45:59\";s:6:\"status\";s:1:\"1\";s:9:\"role_name\";s:13:\"ADMINISTRATOR\";s:10:\"role_label\";s:13:\"Administrator\";}'),('imhmdqjmr79h34gc8n1njqddc9jr2r5j','192.168.100.2',1527535733,'__ci_last_regenerate|i:1527535733;auth_access_key|s:0:\"\";error_message|s:0:\"\";profile|a:9:{s:7:\"user_id\";s:2:\"31\";s:8:\"username\";s:5:\"Admin\";s:8:\"password\";s:32:\"0cc175b9c0f1b6a831c399e269772661\";s:5:\"email\";s:17:\"admin@mutiara.com\";s:10:\"first_name\";s:5:\"Admin\";s:9:\"last_name\";s:4:\"Mini\";s:10:\"created_at\";s:19:\"2018-02-15 17:15:43\";s:10:\"updated_at\";s:19:\"2018-05-20 17:06:13\";s:6:\"status\";s:1:\"1\";}sso|i:1;role|a:2:{i:0;a:7:{s:12:\"user_role_id\";s:1:\"1\";s:7:\"user_id\";s:2:\"31\";s:7:\"role_id\";s:1:\"1\";s:10:\"created_at\";s:19:\"2018-02-20 16:45:59\";s:6:\"status\";s:1:\"1\";s:9:\"role_name\";s:13:\"ADMINISTRATOR\";s:10:\"role_label\";s:13:\"Administrator\";}i:1;a:7:{s:12:\"user_role_id\";s:2:\"27\";s:7:\"user_id\";s:2:\"31\";s:7:\"role_id\";s:1:\"2\";s:10:\"created_at\";s:19:\"2018-04-26 22:14:45\";s:6:\"status\";s:1:\"1\";s:9:\"role_name\";s:8:\"PIMPINAN\";s:10:\"role_label\";s:8:\"Pimpinan\";}}role_active|a:7:{s:12:\"user_role_id\";s:1:\"1\";s:7:\"user_id\";s:2:\"31\";s:7:\"role_id\";s:1:\"1\";s:10:\"created_at\";s:19:\"2018-02-20 16:45:59\";s:6:\"status\";s:1:\"1\";s:9:\"role_name\";s:13:\"ADMINISTRATOR\";s:10:\"role_label\";s:13:\"Administrator\";}'),('rvu16mopvillfgm17fhjj3jkuvbr9f9p','192.168.100.2',1527567725,'__ci_last_regenerate|i:1527567725;auth_access_key|s:0:\"\";error_message|s:0:\"\";profile|a:9:{s:7:\"user_id\";s:2:\"31\";s:8:\"username\";s:5:\"Admin\";s:8:\"password\";s:32:\"0cc175b9c0f1b6a831c399e269772661\";s:5:\"email\";s:17:\"admin@mutiara.com\";s:10:\"first_name\";s:5:\"Admin\";s:9:\"last_name\";s:4:\"Mini\";s:10:\"created_at\";s:19:\"2018-02-15 17:15:43\";s:10:\"updated_at\";s:19:\"2018-05-20 17:06:13\";s:6:\"status\";s:1:\"1\";}sso|i:1;role|a:2:{i:0;a:7:{s:12:\"user_role_id\";s:1:\"1\";s:7:\"user_id\";s:2:\"31\";s:7:\"role_id\";s:1:\"1\";s:10:\"created_at\";s:19:\"2018-02-20 16:45:59\";s:6:\"status\";s:1:\"1\";s:9:\"role_name\";s:13:\"ADMINISTRATOR\";s:10:\"role_label\";s:13:\"Administrator\";}i:1;a:7:{s:12:\"user_role_id\";s:2:\"27\";s:7:\"user_id\";s:2:\"31\";s:7:\"role_id\";s:1:\"2\";s:10:\"created_at\";s:19:\"2018-04-26 22:14:45\";s:6:\"status\";s:1:\"1\";s:9:\"role_name\";s:8:\"PIMPINAN\";s:10:\"role_label\";s:8:\"Pimpinan\";}}role_active|a:7:{s:12:\"user_role_id\";s:1:\"1\";s:7:\"user_id\";s:2:\"31\";s:7:\"role_id\";s:1:\"1\";s:10:\"created_at\";s:19:\"2018-02-20 16:45:59\";s:6:\"status\";s:1:\"1\";s:9:\"role_name\";s:13:\"ADMINISTRATOR\";s:10:\"role_label\";s:13:\"Administrator\";}'),('o1kjiuf4lvucjpqer507jkubpe3tk69g','192.168.100.2',1527568342,'__ci_last_regenerate|i:1527568342;auth_access_key|s:0:\"\";error_message|s:0:\"\";profile|a:9:{s:7:\"user_id\";s:2:\"31\";s:8:\"username\";s:5:\"Admin\";s:8:\"password\";s:32:\"0cc175b9c0f1b6a831c399e269772661\";s:5:\"email\";s:17:\"admin@mutiara.com\";s:10:\"first_name\";s:5:\"Admin\";s:9:\"last_name\";s:4:\"Mini\";s:10:\"created_at\";s:19:\"2018-02-15 17:15:43\";s:10:\"updated_at\";s:19:\"2018-05-20 17:06:13\";s:6:\"status\";s:1:\"1\";}sso|i:1;role|a:2:{i:0;a:7:{s:12:\"user_role_id\";s:1:\"1\";s:7:\"user_id\";s:2:\"31\";s:7:\"role_id\";s:1:\"1\";s:10:\"created_at\";s:19:\"2018-02-20 16:45:59\";s:6:\"status\";s:1:\"1\";s:9:\"role_name\";s:13:\"ADMINISTRATOR\";s:10:\"role_label\";s:13:\"Administrator\";}i:1;a:7:{s:12:\"user_role_id\";s:2:\"27\";s:7:\"user_id\";s:2:\"31\";s:7:\"role_id\";s:1:\"2\";s:10:\"created_at\";s:19:\"2018-04-26 22:14:45\";s:6:\"status\";s:1:\"1\";s:9:\"role_name\";s:8:\"PIMPINAN\";s:10:\"role_label\";s:8:\"Pimpinan\";}}role_active|a:7:{s:12:\"user_role_id\";s:1:\"1\";s:7:\"user_id\";s:2:\"31\";s:7:\"role_id\";s:1:\"1\";s:10:\"created_at\";s:19:\"2018-02-20 16:45:59\";s:6:\"status\";s:1:\"1\";s:9:\"role_name\";s:13:\"ADMINISTRATOR\";s:10:\"role_label\";s:13:\"Administrator\";}'),('il63hfhau73mf0jf5uqeipi145fthkgr','192.168.100.2',1527568843,'__ci_last_regenerate|i:1527568843;auth_access_key|s:0:\"\";error_message|s:0:\"\";profile|a:9:{s:7:\"user_id\";s:2:\"31\";s:8:\"username\";s:5:\"Admin\";s:8:\"password\";s:32:\"0cc175b9c0f1b6a831c399e269772661\";s:5:\"email\";s:17:\"admin@mutiara.com\";s:10:\"first_name\";s:5:\"Admin\";s:9:\"last_name\";s:4:\"Mini\";s:10:\"created_at\";s:19:\"2018-02-15 17:15:43\";s:10:\"updated_at\";s:19:\"2018-05-20 17:06:13\";s:6:\"status\";s:1:\"1\";}sso|i:1;role|a:2:{i:0;a:7:{s:12:\"user_role_id\";s:1:\"1\";s:7:\"user_id\";s:2:\"31\";s:7:\"role_id\";s:1:\"1\";s:10:\"created_at\";s:19:\"2018-02-20 16:45:59\";s:6:\"status\";s:1:\"1\";s:9:\"role_name\";s:13:\"ADMINISTRATOR\";s:10:\"role_label\";s:13:\"Administrator\";}i:1;a:7:{s:12:\"user_role_id\";s:2:\"27\";s:7:\"user_id\";s:2:\"31\";s:7:\"role_id\";s:1:\"2\";s:10:\"created_at\";s:19:\"2018-04-26 22:14:45\";s:6:\"status\";s:1:\"1\";s:9:\"role_name\";s:8:\"PIMPINAN\";s:10:\"role_label\";s:8:\"Pimpinan\";}}role_active|a:7:{s:12:\"user_role_id\";s:1:\"1\";s:7:\"user_id\";s:2:\"31\";s:7:\"role_id\";s:1:\"1\";s:10:\"created_at\";s:19:\"2018-02-20 16:45:59\";s:6:\"status\";s:1:\"1\";s:9:\"role_name\";s:13:\"ADMINISTRATOR\";s:10:\"role_label\";s:13:\"Administrator\";}'),('g104pvuqj6iojjm9t2ksk3ikgslehdlh','192.168.100.2',1527569043,'__ci_last_regenerate|i:1527568843;auth_access_key|s:0:\"\";error_message|s:0:\"\";profile|a:9:{s:7:\"user_id\";s:2:\"31\";s:8:\"username\";s:5:\"Admin\";s:8:\"password\";s:32:\"0cc175b9c0f1b6a831c399e269772661\";s:5:\"email\";s:17:\"admin@mutiara.com\";s:10:\"first_name\";s:5:\"Admin\";s:9:\"last_name\";s:4:\"Mini\";s:10:\"created_at\";s:19:\"2018-02-15 17:15:43\";s:10:\"updated_at\";s:19:\"2018-05-20 17:06:13\";s:6:\"status\";s:1:\"1\";}sso|i:1;role|a:2:{i:0;a:7:{s:12:\"user_role_id\";s:1:\"1\";s:7:\"user_id\";s:2:\"31\";s:7:\"role_id\";s:1:\"1\";s:10:\"created_at\";s:19:\"2018-02-20 16:45:59\";s:6:\"status\";s:1:\"1\";s:9:\"role_name\";s:13:\"ADMINISTRATOR\";s:10:\"role_label\";s:13:\"Administrator\";}i:1;a:7:{s:12:\"user_role_id\";s:2:\"27\";s:7:\"user_id\";s:2:\"31\";s:7:\"role_id\";s:1:\"2\";s:10:\"created_at\";s:19:\"2018-04-26 22:14:45\";s:6:\"status\";s:1:\"1\";s:9:\"role_name\";s:8:\"PIMPINAN\";s:10:\"role_label\";s:8:\"Pimpinan\";}}role_active|a:7:{s:12:\"user_role_id\";s:1:\"1\";s:7:\"user_id\";s:2:\"31\";s:7:\"role_id\";s:1:\"1\";s:10:\"created_at\";s:19:\"2018-02-20 16:45:59\";s:6:\"status\";s:1:\"1\";s:9:\"role_name\";s:13:\"ADMINISTRATOR\";s:10:\"role_label\";s:13:\"Administrator\";}'),('tk6k3rm36rr9535n85dba8v25lagmbuu','192.168.100.2',1527789624,'__ci_last_regenerate|i:1527789624;auth_access_key|s:0:\"\";error_message|s:0:\"\";profile|a:9:{s:7:\"user_id\";s:2:\"31\";s:8:\"username\";s:5:\"Admin\";s:8:\"password\";s:32:\"0cc175b9c0f1b6a831c399e269772661\";s:5:\"email\";s:17:\"admin@mutiara.com\";s:10:\"first_name\";s:5:\"Admin\";s:9:\"last_name\";s:4:\"Mini\";s:10:\"created_at\";s:19:\"2018-02-15 17:15:43\";s:10:\"updated_at\";s:19:\"2018-05-20 17:06:13\";s:6:\"status\";s:1:\"1\";}sso|i:1;role|a:2:{i:0;a:7:{s:12:\"user_role_id\";s:1:\"1\";s:7:\"user_id\";s:2:\"31\";s:7:\"role_id\";s:1:\"1\";s:10:\"created_at\";s:19:\"2018-02-20 16:45:59\";s:6:\"status\";s:1:\"1\";s:9:\"role_name\";s:13:\"ADMINISTRATOR\";s:10:\"role_label\";s:13:\"Administrator\";}i:1;a:7:{s:12:\"user_role_id\";s:2:\"27\";s:7:\"user_id\";s:2:\"31\";s:7:\"role_id\";s:1:\"2\";s:10:\"created_at\";s:19:\"2018-04-26 22:14:45\";s:6:\"status\";s:1:\"1\";s:9:\"role_name\";s:8:\"PIMPINAN\";s:10:\"role_label\";s:8:\"Pimpinan\";}}role_active|a:7:{s:12:\"user_role_id\";s:1:\"1\";s:7:\"user_id\";s:2:\"31\";s:7:\"role_id\";s:1:\"1\";s:10:\"created_at\";s:19:\"2018-02-20 16:45:59\";s:6:\"status\";s:1:\"1\";s:9:\"role_name\";s:13:\"ADMINISTRATOR\";s:10:\"role_label\";s:13:\"Administrator\";}'),('j79lpkmceg2ga9q3nma4026cb8jak5tm','192.168.100.2',1527791037,'__ci_last_regenerate|i:1527791037;auth_access_key|s:0:\"\";error_message|s:0:\"\";profile|a:9:{s:7:\"user_id\";s:2:\"31\";s:8:\"username\";s:5:\"Admin\";s:8:\"password\";s:32:\"0cc175b9c0f1b6a831c399e269772661\";s:5:\"email\";s:17:\"admin@mutiara.com\";s:10:\"first_name\";s:5:\"Admin\";s:9:\"last_name\";s:4:\"Mini\";s:10:\"created_at\";s:19:\"2018-02-15 17:15:43\";s:10:\"updated_at\";s:19:\"2018-05-20 17:06:13\";s:6:\"status\";s:1:\"1\";}sso|i:1;role|a:2:{i:0;a:7:{s:12:\"user_role_id\";s:1:\"1\";s:7:\"user_id\";s:2:\"31\";s:7:\"role_id\";s:1:\"1\";s:10:\"created_at\";s:19:\"2018-02-20 16:45:59\";s:6:\"status\";s:1:\"1\";s:9:\"role_name\";s:13:\"ADMINISTRATOR\";s:10:\"role_label\";s:13:\"Administrator\";}i:1;a:7:{s:12:\"user_role_id\";s:2:\"27\";s:7:\"user_id\";s:2:\"31\";s:7:\"role_id\";s:1:\"2\";s:10:\"created_at\";s:19:\"2018-04-26 22:14:45\";s:6:\"status\";s:1:\"1\";s:9:\"role_name\";s:8:\"PIMPINAN\";s:10:\"role_label\";s:8:\"Pimpinan\";}}role_active|a:7:{s:12:\"user_role_id\";s:1:\"1\";s:7:\"user_id\";s:2:\"31\";s:7:\"role_id\";s:1:\"1\";s:10:\"created_at\";s:19:\"2018-02-20 16:45:59\";s:6:\"status\";s:1:\"1\";s:9:\"role_name\";s:13:\"ADMINISTRATOR\";s:10:\"role_label\";s:13:\"Administrator\";}'),('abos1nrlsqvcipn3uo0f13lh0ptkssnk','192.168.100.2',1527791344,'__ci_last_regenerate|i:1527791344;auth_access_key|s:0:\"\";error_message|s:0:\"\";profile|a:9:{s:7:\"user_id\";s:2:\"31\";s:8:\"username\";s:5:\"Admin\";s:8:\"password\";s:32:\"0cc175b9c0f1b6a831c399e269772661\";s:5:\"email\";s:17:\"admin@mutiara.com\";s:10:\"first_name\";s:5:\"Admin\";s:9:\"last_name\";s:4:\"Mini\";s:10:\"created_at\";s:19:\"2018-02-15 17:15:43\";s:10:\"updated_at\";s:19:\"2018-05-20 17:06:13\";s:6:\"status\";s:1:\"1\";}sso|i:1;role|a:2:{i:0;a:7:{s:12:\"user_role_id\";s:1:\"1\";s:7:\"user_id\";s:2:\"31\";s:7:\"role_id\";s:1:\"1\";s:10:\"created_at\";s:19:\"2018-02-20 16:45:59\";s:6:\"status\";s:1:\"1\";s:9:\"role_name\";s:13:\"ADMINISTRATOR\";s:10:\"role_label\";s:13:\"Administrator\";}i:1;a:7:{s:12:\"user_role_id\";s:2:\"27\";s:7:\"user_id\";s:2:\"31\";s:7:\"role_id\";s:1:\"2\";s:10:\"created_at\";s:19:\"2018-04-26 22:14:45\";s:6:\"status\";s:1:\"1\";s:9:\"role_name\";s:8:\"PIMPINAN\";s:10:\"role_label\";s:8:\"Pimpinan\";}}role_active|a:7:{s:12:\"user_role_id\";s:1:\"1\";s:7:\"user_id\";s:2:\"31\";s:7:\"role_id\";s:1:\"1\";s:10:\"created_at\";s:19:\"2018-02-20 16:45:59\";s:6:\"status\";s:1:\"1\";s:9:\"role_name\";s:13:\"ADMINISTRATOR\";s:10:\"role_label\";s:13:\"Administrator\";}'),('s60kcti3ifqorc7dpe56jqfi8vulelcv','192.168.100.2',1527792957,'__ci_last_regenerate|i:1527792957;auth_access_key|s:0:\"\";error_message|s:0:\"\";profile|a:9:{s:7:\"user_id\";s:2:\"31\";s:8:\"username\";s:5:\"Admin\";s:8:\"password\";s:32:\"0cc175b9c0f1b6a831c399e269772661\";s:5:\"email\";s:17:\"admin@mutiara.com\";s:10:\"first_name\";s:5:\"Admin\";s:9:\"last_name\";s:4:\"Mini\";s:10:\"created_at\";s:19:\"2018-02-15 17:15:43\";s:10:\"updated_at\";s:19:\"2018-05-20 17:06:13\";s:6:\"status\";s:1:\"1\";}sso|i:1;role|a:2:{i:0;a:7:{s:12:\"user_role_id\";s:1:\"1\";s:7:\"user_id\";s:2:\"31\";s:7:\"role_id\";s:1:\"1\";s:10:\"created_at\";s:19:\"2018-02-20 16:45:59\";s:6:\"status\";s:1:\"1\";s:9:\"role_name\";s:13:\"ADMINISTRATOR\";s:10:\"role_label\";s:13:\"Administrator\";}i:1;a:7:{s:12:\"user_role_id\";s:2:\"27\";s:7:\"user_id\";s:2:\"31\";s:7:\"role_id\";s:1:\"2\";s:10:\"created_at\";s:19:\"2018-04-26 22:14:45\";s:6:\"status\";s:1:\"1\";s:9:\"role_name\";s:8:\"PIMPINAN\";s:10:\"role_label\";s:8:\"Pimpinan\";}}role_active|a:7:{s:12:\"user_role_id\";s:1:\"1\";s:7:\"user_id\";s:2:\"31\";s:7:\"role_id\";s:1:\"1\";s:10:\"created_at\";s:19:\"2018-02-20 16:45:59\";s:6:\"status\";s:1:\"1\";s:9:\"role_name\";s:13:\"ADMINISTRATOR\";s:10:\"role_label\";s:13:\"Administrator\";}'),('tijl77atjrh60qos6uubsa9qc15vsmv6','192.168.100.2',1527793153,'__ci_last_regenerate|i:1527792957;auth_access_key|s:0:\"\";error_message|s:0:\"\";profile|a:9:{s:7:\"user_id\";s:2:\"31\";s:8:\"username\";s:5:\"Admin\";s:8:\"password\";s:32:\"0cc175b9c0f1b6a831c399e269772661\";s:5:\"email\";s:17:\"admin@mutiara.com\";s:10:\"first_name\";s:5:\"Admin\";s:9:\"last_name\";s:4:\"Mini\";s:10:\"created_at\";s:19:\"2018-02-15 17:15:43\";s:10:\"updated_at\";s:19:\"2018-05-20 17:06:13\";s:6:\"status\";s:1:\"1\";}sso|i:1;role|a:2:{i:0;a:7:{s:12:\"user_role_id\";s:1:\"1\";s:7:\"user_id\";s:2:\"31\";s:7:\"role_id\";s:1:\"1\";s:10:\"created_at\";s:19:\"2018-02-20 16:45:59\";s:6:\"status\";s:1:\"1\";s:9:\"role_name\";s:13:\"ADMINISTRATOR\";s:10:\"role_label\";s:13:\"Administrator\";}i:1;a:7:{s:12:\"user_role_id\";s:2:\"27\";s:7:\"user_id\";s:2:\"31\";s:7:\"role_id\";s:1:\"2\";s:10:\"created_at\";s:19:\"2018-04-26 22:14:45\";s:6:\"status\";s:1:\"1\";s:9:\"role_name\";s:8:\"PIMPINAN\";s:10:\"role_label\";s:8:\"Pimpinan\";}}role_active|a:7:{s:12:\"user_role_id\";s:1:\"1\";s:7:\"user_id\";s:2:\"31\";s:7:\"role_id\";s:1:\"1\";s:10:\"created_at\";s:19:\"2018-02-20 16:45:59\";s:6:\"status\";s:1:\"1\";s:9:\"role_name\";s:13:\"ADMINISTRATOR\";s:10:\"role_label\";s:13:\"Administrator\";}');

/*Table structure for table `sso_user` */

DROP TABLE IF EXISTS `sso_user`;

CREATE TABLE `sso_user` (
  `user_id` int(11) NOT NULL AUTO_INCREMENT,
  `username` varchar(255) NOT NULL,
  `password` varchar(32) DEFAULT NULL,
  `email` varchar(255) DEFAULT NULL,
  `first_name` varchar(255) DEFAULT NULL,
  `last_name` varchar(255) DEFAULT NULL,
  `created_at` datetime DEFAULT NULL,
  `updated_at` datetime DEFAULT NULL,
  `status` smallint(6) DEFAULT '0',
  PRIMARY KEY (`user_id`),
  UNIQUE KEY `username` (`username`)
) ENGINE=InnoDB AUTO_INCREMENT=53 DEFAULT CHARSET=latin1;

/*Data for the table `sso_user` */

insert  into `sso_user`(`user_id`,`username`,`password`,`email`,`first_name`,`last_name`,`created_at`,`updated_at`,`status`) values (1,'NO_USER',NULL,NULL,NULL,NULL,NULL,NULL,0),(31,'Admin','0cc175b9c0f1b6a831c399e269772661','admin@mutiara.com','Admin','Mini','2018-02-15 17:15:43','2018-05-20 17:06:13',1),(34,'Ayu','0cc175b9c0f1b6a831c399e269772661','ayu@mutiara.com','Ayu','Sukandar','2018-02-22 17:11:54','2018-05-20 17:06:26',1),(38,'Dhini','0cc175b9c0f1b6a831c399e269772661','dhimas@mutiara.com','Dhini','','2018-02-22 17:13:38','2018-05-20 17:06:52',1),(43,'Hitania','0cc175b9c0f1b6a831c399e269772661','hitania@mutiara.com','Hitania','Patma','2018-02-22 17:15:30','2018-05-24 13:55:01',1),(46,'Shanty','0cc175b9c0f1b6a831c399e269772661','sai@mutiara.com','Shanty','','2018-02-22 17:17:01','2018-05-20 17:07:08',1),(47,'Dede','0cc175b9c0f1b6a831c399e269772661','nurrudin@mutiara.com','Dede','Shihab','2018-02-22 17:17:27','2018-05-20 17:07:14',1),(48,'Tania','0cc175b9c0f1b6a831c399e269772661','ugan@mutiara.com','Tania','Amelia','2018-02-22 17:17:49','2018-05-20 17:07:21',1),(49,'Windy','0cc175b9c0f1b6a831c399e269772661','amir@mutiara.com','Windy','','2018-02-22 17:18:02','2018-05-20 17:07:27',1),(51,'Yunita','0cc175b9c0f1b6a831c399e269772661','yunus@mutiara.com','Yunita','','2018-02-22 17:18:45','2018-05-20 17:07:46',1),(52,'Pimpinan','0cc175b9c0f1b6a831c399e269772661','a@mutiara.com','Big','Boss','2018-05-20 17:05:38','2018-05-24 13:55:27',1);

/*Table structure for table `sso_user_role` */

DROP TABLE IF EXISTS `sso_user_role`;

CREATE TABLE `sso_user_role` (
  `user_role_id` int(11) NOT NULL AUTO_INCREMENT,
  `user_id` int(11) DEFAULT NULL,
  `role_id` int(11) DEFAULT NULL,
  `created_at` datetime DEFAULT NULL,
  `status` smallint(6) DEFAULT '0',
  PRIMARY KEY (`user_role_id`),
  KEY `FK_reference_2` (`role_id`),
  KEY `FK_reference_1` (`user_id`),
  CONSTRAINT `FK_reference_1` FOREIGN KEY (`user_id`) REFERENCES `sso_user` (`user_id`) ON DELETE CASCADE,
  CONSTRAINT `FK_reference_2` FOREIGN KEY (`role_id`) REFERENCES `sso_role` (`role_id`)
) ENGINE=InnoDB AUTO_INCREMENT=42 DEFAULT CHARSET=latin1;

/*Data for the table `sso_user_role` */

insert  into `sso_user_role`(`user_role_id`,`user_id`,`role_id`,`created_at`,`status`) values (1,31,1,'2018-02-20 16:45:59',1),(27,31,2,'2018-04-26 22:14:45',1),(28,48,4,'2018-05-03 22:31:47',1),(29,43,3,'2018-05-06 03:42:41',1),(30,52,2,'2018-05-20 17:08:22',1),(35,38,4,'2018-05-24 13:36:57',1),(36,46,4,'2018-05-24 13:37:23',1),(37,47,4,'2018-05-24 13:37:46',1),(38,49,4,'2018-05-24 13:38:31',1),(40,51,4,'2018-05-24 13:39:26',1),(41,34,3,'2018-05-24 19:29:14',1);

/*Table structure for table `time_dimension` */

DROP TABLE IF EXISTS `time_dimension`;

CREATE TABLE `time_dimension` (
  `id` int(11) NOT NULL,
  `db_date` date NOT NULL,
  `year` int(11) NOT NULL,
  `month` int(11) NOT NULL,
  `day` int(11) NOT NULL,
  `quarter` int(11) NOT NULL,
  `week` int(11) NOT NULL,
  `day_name` varchar(9) NOT NULL,
  `month_name` varchar(9) NOT NULL,
  `holiday_flag` tinyint(1) DEFAULT '0',
  `weekend_flag` tinyint(1) DEFAULT '0',
  `event` varchar(50) DEFAULT NULL,
  PRIMARY KEY (`id`),
  UNIQUE KEY `td_ymd_idx` (`year`,`month`,`day`),
  UNIQUE KEY `td_dbdate_idx` (`db_date`)
) ENGINE=MyISAM DEFAULT CHARSET=latin1;

/*Data for the table `time_dimension` */

insert  into `time_dimension`(`id`,`db_date`,`year`,`month`,`day`,`quarter`,`week`,`day_name`,`month_name`,`holiday_flag`,`weekend_flag`,`event`) values (20180101,'2018-01-01',2018,1,1,1,1,'Senin','Januari',0,0,NULL),(20180102,'2018-01-02',2018,1,2,1,1,'Selasa','Januari',0,0,NULL),(20180103,'2018-01-03',2018,1,3,1,1,'Rabu','Januari',0,0,NULL),(20180104,'2018-01-04',2018,1,4,1,1,'Kamis','Januari',0,0,NULL),(20180105,'2018-01-05',2018,1,5,1,1,'Jumat','Januari',0,0,NULL),(20180106,'2018-01-06',2018,1,6,1,1,'Sabtu','Januari',0,1,NULL),(20180107,'2018-01-07',2018,1,7,1,1,'Minggu','Januari',0,1,NULL),(20180108,'2018-01-08',2018,1,8,1,2,'Senin','Januari',0,0,NULL),(20180109,'2018-01-09',2018,1,9,1,2,'Selasa','Januari',0,0,NULL),(20180110,'2018-01-10',2018,1,10,1,2,'Rabu','Januari',0,0,NULL),(20180111,'2018-01-11',2018,1,11,1,2,'Kamis','Januari',0,0,NULL),(20180112,'2018-01-12',2018,1,12,1,2,'Jumat','Januari',0,0,NULL),(20180113,'2018-01-13',2018,1,13,1,2,'Sabtu','Januari',0,1,NULL),(20180114,'2018-01-14',2018,1,14,1,2,'Minggu','Januari',0,1,NULL),(20180115,'2018-01-15',2018,1,15,1,3,'Senin','Januari',0,0,NULL),(20180116,'2018-01-16',2018,1,16,1,3,'Selasa','Januari',0,0,NULL),(20180117,'2018-01-17',2018,1,17,1,3,'Rabu','Januari',0,0,NULL),(20180118,'2018-01-18',2018,1,18,1,3,'Kamis','Januari',0,0,NULL),(20180119,'2018-01-19',2018,1,19,1,3,'Jumat','Januari',0,0,NULL),(20180120,'2018-01-20',2018,1,20,1,3,'Sabtu','Januari',0,1,NULL),(20180121,'2018-01-21',2018,1,21,1,3,'Minggu','Januari',0,1,NULL),(20180122,'2018-01-22',2018,1,22,1,4,'Senin','Januari',0,0,NULL),(20180123,'2018-01-23',2018,1,23,1,4,'Selasa','Januari',0,0,NULL),(20180124,'2018-01-24',2018,1,24,1,4,'Rabu','Januari',0,0,NULL),(20180125,'2018-01-25',2018,1,25,1,4,'Kamis','Januari',0,0,NULL),(20180126,'2018-01-26',2018,1,26,1,4,'Jumat','Januari',0,0,NULL),(20180127,'2018-01-27',2018,1,27,1,4,'Sabtu','Januari',0,1,NULL),(20180128,'2018-01-28',2018,1,28,1,4,'Minggu','Januari',0,1,NULL),(20180129,'2018-01-29',2018,1,29,1,5,'Senin','Januari',0,0,NULL),(20180130,'2018-01-30',2018,1,30,1,5,'Selasa','Januari',0,0,NULL),(20180131,'2018-01-31',2018,1,31,1,5,'Rabu','Januari',0,0,NULL),(20180201,'2018-02-01',2018,2,1,1,5,'Kamis','Februari',0,0,NULL),(20180202,'2018-02-02',2018,2,2,1,5,'Jumat','Februari',0,0,NULL),(20180203,'2018-02-03',2018,2,3,1,5,'Sabtu','Februari',0,1,NULL),(20180204,'2018-02-04',2018,2,4,1,5,'Minggu','Februari',0,1,NULL),(20180205,'2018-02-05',2018,2,5,1,6,'Senin','Februari',0,0,NULL),(20180206,'2018-02-06',2018,2,6,1,6,'Selasa','Februari',0,0,NULL),(20180207,'2018-02-07',2018,2,7,1,6,'Rabu','Februari',0,0,NULL),(20180208,'2018-02-08',2018,2,8,1,6,'Kamis','Februari',0,0,NULL),(20180209,'2018-02-09',2018,2,9,1,6,'Jumat','Februari',0,0,NULL),(20180210,'2018-02-10',2018,2,10,1,6,'Sabtu','Februari',0,1,NULL),(20180211,'2018-02-11',2018,2,11,1,6,'Minggu','Februari',0,1,NULL),(20180212,'2018-02-12',2018,2,12,1,7,'Senin','Februari',0,0,NULL),(20180213,'2018-02-13',2018,2,13,1,7,'Selasa','Februari',0,0,NULL),(20180214,'2018-02-14',2018,2,14,1,7,'Rabu','Februari',0,0,NULL),(20180215,'2018-02-15',2018,2,15,1,7,'Kamis','Februari',0,0,NULL),(20180216,'2018-02-16',2018,2,16,1,7,'Jumat','Februari',0,0,NULL),(20180217,'2018-02-17',2018,2,17,1,7,'Sabtu','Februari',0,1,NULL),(20180218,'2018-02-18',2018,2,18,1,7,'Minggu','Februari',0,1,NULL),(20180219,'2018-02-19',2018,2,19,1,8,'Senin','Februari',0,0,NULL),(20180220,'2018-02-20',2018,2,20,1,8,'Selasa','Februari',0,0,NULL),(20180221,'2018-02-21',2018,2,21,1,8,'Rabu','Februari',0,0,NULL),(20180222,'2018-02-22',2018,2,22,1,8,'Kamis','Februari',0,0,NULL),(20180223,'2018-02-23',2018,2,23,1,8,'Jumat','Februari',0,0,NULL),(20180224,'2018-02-24',2018,2,24,1,8,'Sabtu','Februari',0,1,NULL),(20180225,'2018-02-25',2018,2,25,1,8,'Minggu','Februari',0,1,NULL),(20180226,'2018-02-26',2018,2,26,1,9,'Senin','Februari',0,0,NULL),(20180227,'2018-02-27',2018,2,27,1,9,'Selasa','Februari',0,0,NULL),(20180228,'2018-02-28',2018,2,28,1,9,'Rabu','Februari',0,0,NULL),(20180301,'2018-03-01',2018,3,1,1,9,'Kamis','Maret',0,0,NULL),(20180302,'2018-03-02',2018,3,2,1,9,'Jumat','Maret',0,0,NULL),(20180303,'2018-03-03',2018,3,3,1,9,'Sabtu','Maret',0,1,NULL),(20180304,'2018-03-04',2018,3,4,1,9,'Minggu','Maret',0,1,NULL),(20180305,'2018-03-05',2018,3,5,1,10,'Senin','Maret',0,0,NULL),(20180306,'2018-03-06',2018,3,6,1,10,'Selasa','Maret',0,0,NULL),(20180307,'2018-03-07',2018,3,7,1,10,'Rabu','Maret',0,0,NULL),(20180308,'2018-03-08',2018,3,8,1,10,'Kamis','Maret',0,0,NULL),(20180309,'2018-03-09',2018,3,9,1,10,'Jumat','Maret',0,0,NULL),(20180310,'2018-03-10',2018,3,10,1,10,'Sabtu','Maret',0,1,NULL),(20180311,'2018-03-11',2018,3,11,1,10,'Minggu','Maret',0,1,NULL),(20180312,'2018-03-12',2018,3,12,1,11,'Senin','Maret',0,0,NULL),(20180313,'2018-03-13',2018,3,13,1,11,'Selasa','Maret',0,0,NULL),(20180314,'2018-03-14',2018,3,14,1,11,'Rabu','Maret',0,0,NULL),(20180315,'2018-03-15',2018,3,15,1,11,'Kamis','Maret',0,0,NULL),(20180316,'2018-03-16',2018,3,16,1,11,'Jumat','Maret',0,0,NULL),(20180317,'2018-03-17',2018,3,17,1,11,'Sabtu','Maret',0,1,NULL),(20180318,'2018-03-18',2018,3,18,1,11,'Minggu','Maret',0,1,NULL),(20180319,'2018-03-19',2018,3,19,1,12,'Senin','Maret',0,0,NULL),(20180320,'2018-03-20',2018,3,20,1,12,'Selasa','Maret',0,0,NULL),(20180321,'2018-03-21',2018,3,21,1,12,'Rabu','Maret',0,0,NULL),(20180322,'2018-03-22',2018,3,22,1,12,'Kamis','Maret',0,0,NULL),(20180323,'2018-03-23',2018,3,23,1,12,'Jumat','Maret',0,0,NULL),(20180324,'2018-03-24',2018,3,24,1,12,'Sabtu','Maret',0,1,NULL),(20180325,'2018-03-25',2018,3,25,1,12,'Minggu','Maret',0,1,NULL),(20180326,'2018-03-26',2018,3,26,1,13,'Senin','Maret',0,0,NULL),(20180327,'2018-03-27',2018,3,27,1,13,'Selasa','Maret',0,0,NULL),(20180328,'2018-03-28',2018,3,28,1,13,'Rabu','Maret',0,0,NULL),(20180329,'2018-03-29',2018,3,29,1,13,'Kamis','Maret',0,0,NULL),(20180330,'2018-03-30',2018,3,30,1,13,'Jumat','Maret',0,0,NULL),(20180331,'2018-03-31',2018,3,31,1,13,'Sabtu','Maret',0,1,NULL),(20180401,'2018-04-01',2018,4,1,2,13,'Minggu','April',0,1,NULL),(20180402,'2018-04-02',2018,4,2,2,14,'Senin','April',0,0,NULL),(20180403,'2018-04-03',2018,4,3,2,14,'Selasa','April',0,0,NULL),(20180404,'2018-04-04',2018,4,4,2,14,'Rabu','April',0,0,NULL),(20180405,'2018-04-05',2018,4,5,2,14,'Kamis','April',0,0,NULL),(20180406,'2018-04-06',2018,4,6,2,14,'Jumat','April',0,0,NULL),(20180407,'2018-04-07',2018,4,7,2,14,'Sabtu','April',0,1,NULL),(20180408,'2018-04-08',2018,4,8,2,14,'Minggu','April',0,1,NULL),(20180409,'2018-04-09',2018,4,9,2,15,'Senin','April',0,0,NULL),(20180410,'2018-04-10',2018,4,10,2,15,'Selasa','April',0,0,NULL),(20180411,'2018-04-11',2018,4,11,2,15,'Rabu','April',0,0,NULL),(20180412,'2018-04-12',2018,4,12,2,15,'Kamis','April',0,0,NULL),(20180413,'2018-04-13',2018,4,13,2,15,'Jumat','April',0,0,NULL),(20180414,'2018-04-14',2018,4,14,2,15,'Sabtu','April',0,1,NULL),(20180415,'2018-04-15',2018,4,15,2,15,'Minggu','April',0,1,NULL),(20180416,'2018-04-16',2018,4,16,2,16,'Senin','April',0,0,NULL),(20180417,'2018-04-17',2018,4,17,2,16,'Selasa','April',0,0,NULL),(20180418,'2018-04-18',2018,4,18,2,16,'Rabu','April',0,0,NULL),(20180419,'2018-04-19',2018,4,19,2,16,'Kamis','April',0,0,NULL),(20180420,'2018-04-20',2018,4,20,2,16,'Jumat','April',0,0,NULL),(20180421,'2018-04-21',2018,4,21,2,16,'Sabtu','April',0,1,NULL),(20180422,'2018-04-22',2018,4,22,2,16,'Minggu','April',0,1,NULL),(20180423,'2018-04-23',2018,4,23,2,17,'Senin','April',0,0,NULL),(20180424,'2018-04-24',2018,4,24,2,17,'Selasa','April',0,0,NULL),(20180425,'2018-04-25',2018,4,25,2,17,'Rabu','April',0,0,NULL),(20180426,'2018-04-26',2018,4,26,2,17,'Kamis','April',0,0,NULL),(20180427,'2018-04-27',2018,4,27,2,17,'Jumat','April',0,0,NULL),(20180428,'2018-04-28',2018,4,28,2,17,'Sabtu','April',0,1,NULL),(20180429,'2018-04-29',2018,4,29,2,17,'Minggu','April',0,1,NULL),(20180430,'2018-04-30',2018,4,30,2,18,'Senin','April',0,0,NULL),(20180501,'2018-05-01',2018,5,1,2,18,'Selasa','Mei',0,0,NULL),(20180502,'2018-05-02',2018,5,2,2,18,'Rabu','Mei',0,0,NULL),(20180503,'2018-05-03',2018,5,3,2,18,'Kamis','Mei',0,0,NULL),(20180504,'2018-05-04',2018,5,4,2,18,'Jumat','Mei',0,0,NULL),(20180505,'2018-05-05',2018,5,5,2,18,'Sabtu','Mei',0,1,NULL),(20180506,'2018-05-06',2018,5,6,2,18,'Minggu','Mei',0,1,NULL),(20180507,'2018-05-07',2018,5,7,2,19,'Senin','Mei',0,0,NULL),(20180508,'2018-05-08',2018,5,8,2,19,'Selasa','Mei',0,0,NULL),(20180509,'2018-05-09',2018,5,9,2,19,'Rabu','Mei',0,0,NULL),(20180510,'2018-05-10',2018,5,10,2,19,'Kamis','Mei',0,0,NULL),(20180511,'2018-05-11',2018,5,11,2,19,'Jumat','Mei',0,0,NULL),(20180512,'2018-05-12',2018,5,12,2,19,'Sabtu','Mei',0,1,NULL),(20180513,'2018-05-13',2018,5,13,2,19,'Minggu','Mei',0,1,NULL),(20180514,'2018-05-14',2018,5,14,2,20,'Senin','Mei',0,0,NULL),(20180515,'2018-05-15',2018,5,15,2,20,'Selasa','Mei',0,0,NULL),(20180516,'2018-05-16',2018,5,16,2,20,'Rabu','Mei',0,0,NULL),(20180517,'2018-05-17',2018,5,17,2,20,'Kamis','Mei',0,0,NULL),(20180518,'2018-05-18',2018,5,18,2,20,'Jumat','Mei',0,0,NULL),(20180519,'2018-05-19',2018,5,19,2,20,'Sabtu','Mei',0,1,NULL),(20180520,'2018-05-20',2018,5,20,2,20,'Minggu','Mei',0,1,NULL),(20180521,'2018-05-21',2018,5,21,2,21,'Senin','Mei',0,0,NULL),(20180522,'2018-05-22',2018,5,22,2,21,'Selasa','Mei',0,0,NULL),(20180523,'2018-05-23',2018,5,23,2,21,'Rabu','Mei',0,0,NULL),(20180524,'2018-05-24',2018,5,24,2,21,'Kamis','Mei',0,0,NULL),(20180525,'2018-05-25',2018,5,25,2,21,'Jumat','Mei',0,0,NULL),(20180526,'2018-05-26',2018,5,26,2,21,'Sabtu','Mei',0,1,NULL),(20180527,'2018-05-27',2018,5,27,2,21,'Minggu','Mei',0,1,NULL),(20180528,'2018-05-28',2018,5,28,2,22,'Senin','Mei',0,0,NULL),(20180529,'2018-05-29',2018,5,29,2,22,'Selasa','Mei',0,0,NULL),(20180530,'2018-05-30',2018,5,30,2,22,'Rabu','Mei',0,0,NULL),(20180531,'2018-05-31',2018,5,31,2,22,'Kamis','Mei',0,0,NULL),(20180601,'2018-06-01',2018,6,1,2,22,'Jumat','Juni',0,0,NULL),(20180602,'2018-06-02',2018,6,2,2,22,'Sabtu','Juni',0,1,NULL),(20180603,'2018-06-03',2018,6,3,2,22,'Minggu','Juni',0,1,NULL),(20180604,'2018-06-04',2018,6,4,2,23,'Senin','Juni',0,0,NULL),(20180605,'2018-06-05',2018,6,5,2,23,'Selasa','Juni',0,0,NULL),(20180606,'2018-06-06',2018,6,6,2,23,'Rabu','Juni',0,0,NULL),(20180607,'2018-06-07',2018,6,7,2,23,'Kamis','Juni',0,0,NULL),(20180608,'2018-06-08',2018,6,8,2,23,'Jumat','Juni',0,0,NULL),(20180609,'2018-06-09',2018,6,9,2,23,'Sabtu','Juni',0,1,NULL),(20180610,'2018-06-10',2018,6,10,2,23,'Minggu','Juni',0,1,NULL),(20180611,'2018-06-11',2018,6,11,2,24,'Senin','Juni',0,0,NULL),(20180612,'2018-06-12',2018,6,12,2,24,'Selasa','Juni',0,0,NULL),(20180613,'2018-06-13',2018,6,13,2,24,'Rabu','Juni',0,0,NULL),(20180614,'2018-06-14',2018,6,14,2,24,'Kamis','Juni',0,0,NULL),(20180615,'2018-06-15',2018,6,15,2,24,'Jumat','Juni',0,0,NULL),(20180616,'2018-06-16',2018,6,16,2,24,'Sabtu','Juni',0,1,NULL),(20180617,'2018-06-17',2018,6,17,2,24,'Minggu','Juni',0,1,NULL),(20180618,'2018-06-18',2018,6,18,2,25,'Senin','Juni',0,0,NULL),(20180619,'2018-06-19',2018,6,19,2,25,'Selasa','Juni',0,0,NULL),(20180620,'2018-06-20',2018,6,20,2,25,'Rabu','Juni',0,0,NULL),(20180621,'2018-06-21',2018,6,21,2,25,'Kamis','Juni',0,0,NULL),(20180622,'2018-06-22',2018,6,22,2,25,'Jumat','Juni',0,0,NULL),(20180623,'2018-06-23',2018,6,23,2,25,'Sabtu','Juni',0,1,NULL),(20180624,'2018-06-24',2018,6,24,2,25,'Minggu','Juni',0,1,NULL),(20180625,'2018-06-25',2018,6,25,2,26,'Senin','Juni',0,0,NULL),(20180626,'2018-06-26',2018,6,26,2,26,'Selasa','Juni',0,0,NULL),(20180627,'2018-06-27',2018,6,27,2,26,'Rabu','Juni',0,0,NULL),(20180628,'2018-06-28',2018,6,28,2,26,'Kamis','Juni',0,0,NULL),(20180629,'2018-06-29',2018,6,29,2,26,'Jumat','Juni',0,0,NULL),(20180630,'2018-06-30',2018,6,30,2,26,'Sabtu','Juni',0,1,NULL),(20180701,'2018-07-01',2018,7,1,3,26,'Minggu','Juli',0,1,NULL),(20180702,'2018-07-02',2018,7,2,3,27,'Senin','Juli',0,0,NULL),(20180703,'2018-07-03',2018,7,3,3,27,'Selasa','Juli',0,0,NULL),(20180704,'2018-07-04',2018,7,4,3,27,'Rabu','Juli',0,0,NULL),(20180705,'2018-07-05',2018,7,5,3,27,'Kamis','Juli',0,0,NULL),(20180706,'2018-07-06',2018,7,6,3,27,'Jumat','Juli',0,0,NULL),(20180707,'2018-07-07',2018,7,7,3,27,'Sabtu','Juli',0,1,NULL),(20180708,'2018-07-08',2018,7,8,3,27,'Minggu','Juli',0,1,NULL),(20180709,'2018-07-09',2018,7,9,3,28,'Senin','Juli',0,0,NULL),(20180710,'2018-07-10',2018,7,10,3,28,'Selasa','Juli',0,0,NULL),(20180711,'2018-07-11',2018,7,11,3,28,'Rabu','Juli',0,0,NULL),(20180712,'2018-07-12',2018,7,12,3,28,'Kamis','Juli',0,0,NULL),(20180713,'2018-07-13',2018,7,13,3,28,'Jumat','Juli',0,0,NULL),(20180714,'2018-07-14',2018,7,14,3,28,'Sabtu','Juli',0,1,NULL),(20180715,'2018-07-15',2018,7,15,3,28,'Minggu','Juli',0,1,NULL),(20180716,'2018-07-16',2018,7,16,3,29,'Senin','Juli',0,0,NULL),(20180717,'2018-07-17',2018,7,17,3,29,'Selasa','Juli',0,0,NULL),(20180718,'2018-07-18',2018,7,18,3,29,'Rabu','Juli',0,0,NULL),(20180719,'2018-07-19',2018,7,19,3,29,'Kamis','Juli',0,0,NULL),(20180720,'2018-07-20',2018,7,20,3,29,'Jumat','Juli',0,0,NULL),(20180721,'2018-07-21',2018,7,21,3,29,'Sabtu','Juli',0,1,NULL),(20180722,'2018-07-22',2018,7,22,3,29,'Minggu','Juli',0,1,NULL),(20180723,'2018-07-23',2018,7,23,3,30,'Senin','Juli',0,0,NULL),(20180724,'2018-07-24',2018,7,24,3,30,'Selasa','Juli',0,0,NULL),(20180725,'2018-07-25',2018,7,25,3,30,'Rabu','Juli',0,0,NULL),(20180726,'2018-07-26',2018,7,26,3,30,'Kamis','Juli',0,0,NULL),(20180727,'2018-07-27',2018,7,27,3,30,'Jumat','Juli',0,0,NULL),(20180728,'2018-07-28',2018,7,28,3,30,'Sabtu','Juli',0,1,NULL),(20180729,'2018-07-29',2018,7,29,3,30,'Minggu','Juli',0,1,NULL),(20180730,'2018-07-30',2018,7,30,3,31,'Senin','Juli',0,0,NULL),(20180731,'2018-07-31',2018,7,31,3,31,'Selasa','Juli',0,0,NULL),(20180801,'2018-08-01',2018,8,1,3,31,'Rabu','Agustus',0,0,NULL),(20180802,'2018-08-02',2018,8,2,3,31,'Kamis','Agustus',0,0,NULL),(20180803,'2018-08-03',2018,8,3,3,31,'Jumat','Agustus',0,0,NULL),(20180804,'2018-08-04',2018,8,4,3,31,'Sabtu','Agustus',0,1,NULL),(20180805,'2018-08-05',2018,8,5,3,31,'Minggu','Agustus',0,1,NULL),(20180806,'2018-08-06',2018,8,6,3,32,'Senin','Agustus',0,0,NULL),(20180807,'2018-08-07',2018,8,7,3,32,'Selasa','Agustus',0,0,NULL),(20180808,'2018-08-08',2018,8,8,3,32,'Rabu','Agustus',0,0,NULL),(20180809,'2018-08-09',2018,8,9,3,32,'Kamis','Agustus',0,0,NULL),(20180810,'2018-08-10',2018,8,10,3,32,'Jumat','Agustus',0,0,NULL),(20180811,'2018-08-11',2018,8,11,3,32,'Sabtu','Agustus',0,1,NULL),(20180812,'2018-08-12',2018,8,12,3,32,'Minggu','Agustus',0,1,NULL),(20180813,'2018-08-13',2018,8,13,3,33,'Senin','Agustus',0,0,NULL),(20180814,'2018-08-14',2018,8,14,3,33,'Selasa','Agustus',0,0,NULL),(20180815,'2018-08-15',2018,8,15,3,33,'Rabu','Agustus',0,0,NULL),(20180816,'2018-08-16',2018,8,16,3,33,'Kamis','Agustus',0,0,NULL),(20180817,'2018-08-17',2018,8,17,3,33,'Jumat','Agustus',0,0,NULL),(20180818,'2018-08-18',2018,8,18,3,33,'Sabtu','Agustus',0,1,NULL),(20180819,'2018-08-19',2018,8,19,3,33,'Minggu','Agustus',0,1,NULL),(20180820,'2018-08-20',2018,8,20,3,34,'Senin','Agustus',0,0,NULL),(20180821,'2018-08-21',2018,8,21,3,34,'Selasa','Agustus',0,0,NULL),(20180822,'2018-08-22',2018,8,22,3,34,'Rabu','Agustus',0,0,NULL),(20180823,'2018-08-23',2018,8,23,3,34,'Kamis','Agustus',0,0,NULL),(20180824,'2018-08-24',2018,8,24,3,34,'Jumat','Agustus',0,0,NULL),(20180825,'2018-08-25',2018,8,25,3,34,'Sabtu','Agustus',0,1,NULL),(20180826,'2018-08-26',2018,8,26,3,34,'Minggu','Agustus',0,1,NULL),(20180827,'2018-08-27',2018,8,27,3,35,'Senin','Agustus',0,0,NULL),(20180828,'2018-08-28',2018,8,28,3,35,'Selasa','Agustus',0,0,NULL),(20180829,'2018-08-29',2018,8,29,3,35,'Rabu','Agustus',0,0,NULL),(20180830,'2018-08-30',2018,8,30,3,35,'Kamis','Agustus',0,0,NULL),(20180831,'2018-08-31',2018,8,31,3,35,'Jumat','Agustus',0,0,NULL),(20180901,'2018-09-01',2018,9,1,3,35,'Sabtu','September',0,1,NULL),(20180902,'2018-09-02',2018,9,2,3,35,'Minggu','September',0,1,NULL),(20180903,'2018-09-03',2018,9,3,3,36,'Senin','September',0,0,NULL),(20180904,'2018-09-04',2018,9,4,3,36,'Selasa','September',0,0,NULL),(20180905,'2018-09-05',2018,9,5,3,36,'Rabu','September',0,0,NULL),(20180906,'2018-09-06',2018,9,6,3,36,'Kamis','September',0,0,NULL),(20180907,'2018-09-07',2018,9,7,3,36,'Jumat','September',0,0,NULL),(20180908,'2018-09-08',2018,9,8,3,36,'Sabtu','September',0,1,NULL),(20180909,'2018-09-09',2018,9,9,3,36,'Minggu','September',0,1,NULL),(20180910,'2018-09-10',2018,9,10,3,37,'Senin','September',0,0,NULL),(20180911,'2018-09-11',2018,9,11,3,37,'Selasa','September',0,0,NULL),(20180912,'2018-09-12',2018,9,12,3,37,'Rabu','September',0,0,NULL),(20180913,'2018-09-13',2018,9,13,3,37,'Kamis','September',0,0,NULL),(20180914,'2018-09-14',2018,9,14,3,37,'Jumat','September',0,0,NULL),(20180915,'2018-09-15',2018,9,15,3,37,'Sabtu','September',0,1,NULL),(20180916,'2018-09-16',2018,9,16,3,37,'Minggu','September',0,1,NULL),(20180917,'2018-09-17',2018,9,17,3,38,'Senin','September',0,0,NULL),(20180918,'2018-09-18',2018,9,18,3,38,'Selasa','September',0,0,NULL),(20180919,'2018-09-19',2018,9,19,3,38,'Rabu','September',0,0,NULL),(20180920,'2018-09-20',2018,9,20,3,38,'Kamis','September',0,0,NULL),(20180921,'2018-09-21',2018,9,21,3,38,'Jumat','September',0,0,NULL),(20180922,'2018-09-22',2018,9,22,3,38,'Sabtu','September',0,1,NULL),(20180923,'2018-09-23',2018,9,23,3,38,'Minggu','September',0,1,NULL),(20180924,'2018-09-24',2018,9,24,3,39,'Senin','September',0,0,NULL),(20180925,'2018-09-25',2018,9,25,3,39,'Selasa','September',0,0,NULL),(20180926,'2018-09-26',2018,9,26,3,39,'Rabu','September',0,0,NULL),(20180927,'2018-09-27',2018,9,27,3,39,'Kamis','September',0,0,NULL),(20180928,'2018-09-28',2018,9,28,3,39,'Jumat','September',0,0,NULL),(20180929,'2018-09-29',2018,9,29,3,39,'Sabtu','September',0,1,NULL),(20180930,'2018-09-30',2018,9,30,3,39,'Minggu','September',0,1,NULL),(20181001,'2018-10-01',2018,10,1,4,40,'Senin','Oktober',0,0,NULL),(20181002,'2018-10-02',2018,10,2,4,40,'Selasa','Oktober',0,0,NULL),(20181003,'2018-10-03',2018,10,3,4,40,'Rabu','Oktober',0,0,NULL),(20181004,'2018-10-04',2018,10,4,4,40,'Kamis','Oktober',0,0,NULL),(20181005,'2018-10-05',2018,10,5,4,40,'Jumat','Oktober',0,0,NULL),(20181006,'2018-10-06',2018,10,6,4,40,'Sabtu','Oktober',0,1,NULL),(20181007,'2018-10-07',2018,10,7,4,40,'Minggu','Oktober',0,1,NULL),(20181008,'2018-10-08',2018,10,8,4,41,'Senin','Oktober',0,0,NULL),(20181009,'2018-10-09',2018,10,9,4,41,'Selasa','Oktober',0,0,NULL),(20181010,'2018-10-10',2018,10,10,4,41,'Rabu','Oktober',0,0,NULL),(20181011,'2018-10-11',2018,10,11,4,41,'Kamis','Oktober',0,0,NULL),(20181012,'2018-10-12',2018,10,12,4,41,'Jumat','Oktober',0,0,NULL),(20181013,'2018-10-13',2018,10,13,4,41,'Sabtu','Oktober',0,1,NULL),(20181014,'2018-10-14',2018,10,14,4,41,'Minggu','Oktober',0,1,NULL),(20181015,'2018-10-15',2018,10,15,4,42,'Senin','Oktober',0,0,NULL),(20181016,'2018-10-16',2018,10,16,4,42,'Selasa','Oktober',0,0,NULL),(20181017,'2018-10-17',2018,10,17,4,42,'Rabu','Oktober',0,0,NULL),(20181018,'2018-10-18',2018,10,18,4,42,'Kamis','Oktober',0,0,NULL),(20181019,'2018-10-19',2018,10,19,4,42,'Jumat','Oktober',0,0,NULL),(20181020,'2018-10-20',2018,10,20,4,42,'Sabtu','Oktober',0,1,NULL),(20181021,'2018-10-21',2018,10,21,4,42,'Minggu','Oktober',0,1,NULL),(20181022,'2018-10-22',2018,10,22,4,43,'Senin','Oktober',0,0,NULL),(20181023,'2018-10-23',2018,10,23,4,43,'Selasa','Oktober',0,0,NULL),(20181024,'2018-10-24',2018,10,24,4,43,'Rabu','Oktober',0,0,NULL),(20181025,'2018-10-25',2018,10,25,4,43,'Kamis','Oktober',0,0,NULL),(20181026,'2018-10-26',2018,10,26,4,43,'Jumat','Oktober',0,0,NULL),(20181027,'2018-10-27',2018,10,27,4,43,'Sabtu','Oktober',0,1,NULL),(20181028,'2018-10-28',2018,10,28,4,43,'Minggu','Oktober',0,1,NULL),(20181029,'2018-10-29',2018,10,29,4,44,'Senin','Oktober',0,0,NULL),(20181030,'2018-10-30',2018,10,30,4,44,'Selasa','Oktober',0,0,NULL),(20181031,'2018-10-31',2018,10,31,4,44,'Rabu','Oktober',0,0,NULL),(20181101,'2018-11-01',2018,11,1,4,44,'Kamis','November',0,0,NULL),(20181102,'2018-11-02',2018,11,2,4,44,'Jumat','November',0,0,NULL),(20181103,'2018-11-03',2018,11,3,4,44,'Sabtu','November',0,1,NULL),(20181104,'2018-11-04',2018,11,4,4,44,'Minggu','November',0,1,NULL),(20181105,'2018-11-05',2018,11,5,4,45,'Senin','November',0,0,NULL),(20181106,'2018-11-06',2018,11,6,4,45,'Selasa','November',0,0,NULL),(20181107,'2018-11-07',2018,11,7,4,45,'Rabu','November',0,0,NULL),(20181108,'2018-11-08',2018,11,8,4,45,'Kamis','November',0,0,NULL),(20181109,'2018-11-09',2018,11,9,4,45,'Jumat','November',0,0,NULL),(20181110,'2018-11-10',2018,11,10,4,45,'Sabtu','November',0,1,NULL),(20181111,'2018-11-11',2018,11,11,4,45,'Minggu','November',0,1,NULL),(20181112,'2018-11-12',2018,11,12,4,46,'Senin','November',0,0,NULL),(20181113,'2018-11-13',2018,11,13,4,46,'Selasa','November',0,0,NULL),(20181114,'2018-11-14',2018,11,14,4,46,'Rabu','November',0,0,NULL),(20181115,'2018-11-15',2018,11,15,4,46,'Kamis','November',0,0,NULL),(20181116,'2018-11-16',2018,11,16,4,46,'Jumat','November',0,0,NULL),(20181117,'2018-11-17',2018,11,17,4,46,'Sabtu','November',0,1,NULL),(20181118,'2018-11-18',2018,11,18,4,46,'Minggu','November',0,1,NULL),(20181119,'2018-11-19',2018,11,19,4,47,'Senin','November',0,0,NULL),(20181120,'2018-11-20',2018,11,20,4,47,'Selasa','November',0,0,NULL),(20181121,'2018-11-21',2018,11,21,4,47,'Rabu','November',0,0,NULL),(20181122,'2018-11-22',2018,11,22,4,47,'Kamis','November',0,0,NULL),(20181123,'2018-11-23',2018,11,23,4,47,'Jumat','November',0,0,NULL),(20181124,'2018-11-24',2018,11,24,4,47,'Sabtu','November',0,1,NULL),(20181125,'2018-11-25',2018,11,25,4,47,'Minggu','November',0,1,NULL),(20181126,'2018-11-26',2018,11,26,4,48,'Senin','November',0,0,NULL),(20181127,'2018-11-27',2018,11,27,4,48,'Selasa','November',0,0,NULL),(20181128,'2018-11-28',2018,11,28,4,48,'Rabu','November',0,0,NULL),(20181129,'2018-11-29',2018,11,29,4,48,'Kamis','November',0,0,NULL),(20181130,'2018-11-30',2018,11,30,4,48,'Jumat','November',0,0,NULL),(20181201,'2018-12-01',2018,12,1,4,48,'Sabtu','Desember',0,1,NULL),(20181202,'2018-12-02',2018,12,2,4,48,'Minggu','Desember',0,1,NULL),(20181203,'2018-12-03',2018,12,3,4,49,'Senin','Desember',0,0,NULL),(20181204,'2018-12-04',2018,12,4,4,49,'Selasa','Desember',0,0,NULL),(20181205,'2018-12-05',2018,12,5,4,49,'Rabu','Desember',0,0,NULL),(20181206,'2018-12-06',2018,12,6,4,49,'Kamis','Desember',0,0,NULL),(20181207,'2018-12-07',2018,12,7,4,49,'Jumat','Desember',0,0,NULL),(20181208,'2018-12-08',2018,12,8,4,49,'Sabtu','Desember',0,1,NULL),(20181209,'2018-12-09',2018,12,9,4,49,'Minggu','Desember',0,1,NULL),(20181210,'2018-12-10',2018,12,10,4,50,'Senin','Desember',0,0,NULL),(20181211,'2018-12-11',2018,12,11,4,50,'Selasa','Desember',0,0,NULL),(20181212,'2018-12-12',2018,12,12,4,50,'Rabu','Desember',0,0,NULL),(20181213,'2018-12-13',2018,12,13,4,50,'Kamis','Desember',0,0,NULL),(20181214,'2018-12-14',2018,12,14,4,50,'Jumat','Desember',0,0,NULL),(20181215,'2018-12-15',2018,12,15,4,50,'Sabtu','Desember',0,1,NULL),(20181216,'2018-12-16',2018,12,16,4,50,'Minggu','Desember',0,1,NULL),(20181217,'2018-12-17',2018,12,17,4,51,'Senin','Desember',0,0,NULL),(20181218,'2018-12-18',2018,12,18,4,51,'Selasa','Desember',0,0,NULL),(20181219,'2018-12-19',2018,12,19,4,51,'Rabu','Desember',0,0,NULL),(20181220,'2018-12-20',2018,12,20,4,51,'Kamis','Desember',0,0,NULL),(20181221,'2018-12-21',2018,12,21,4,51,'Jumat','Desember',0,0,NULL),(20181222,'2018-12-22',2018,12,22,4,51,'Sabtu','Desember',0,1,NULL),(20181223,'2018-12-23',2018,12,23,4,51,'Minggu','Desember',0,1,NULL),(20181224,'2018-12-24',2018,12,24,4,52,'Senin','Desember',0,0,NULL),(20181225,'2018-12-25',2018,12,25,4,52,'Selasa','Desember',0,0,NULL),(20181226,'2018-12-26',2018,12,26,4,52,'Rabu','Desember',0,0,NULL),(20181227,'2018-12-27',2018,12,27,4,52,'Kamis','Desember',0,0,NULL),(20181228,'2018-12-28',2018,12,28,4,52,'Jumat','Desember',0,0,NULL),(20181229,'2018-12-29',2018,12,29,4,52,'Sabtu','Desember',0,1,NULL),(20181230,'2018-12-30',2018,12,30,4,52,'Minggu','Desember',0,1,NULL),(20181231,'2018-12-31',2018,12,31,4,1,'Senin','Desember',0,0,NULL);

/*!40101 SET SQL_MODE=@OLD_SQL_MODE */;
/*!40014 SET UNIQUE_CHECKS=@OLD_UNIQUE_CHECKS */;
/*!40111 SET SQL_NOTES=@OLD_SQL_NOTES */;
